state_district,year,state,district,candidatevotes,candidate,party,totalvotes,state_po
AK - 0,2014,Alaska,0,142572,Don Young,republican,279741,AK
AL - 1,2014,Alabama,1,103758,Bradley Byrne,republican,152234,AL
AL - 2,2014,Alabama,2,113103,Martha Roby,republican,167952,AL
AL - 3,2014,Alabama,3,103558,Mike Rogers,republican,156620,AL
AL - 4,2014,Alabama,4,132831,Robert B. Aderholt,republican,134752,AL
AL - 5,2014,Alabama,5,115338,Mo Brooks,republican,154974,AL
AL - 6,2014,Alabama,6,135945,Gary Palmer,republican,178449,AL
AL - 7,2014,Alabama,7,133687,Terri A. Sewell,democrat,135899,AL
AR - 1,2014,Arkansas,1,124139,Eric A. Rick Crawford,republican,196256,AR
AR - 2,2014,Arkansas,2,123073,French Hill,republican,237330,AR
AR - 3,2014,Arkansas,3,151630,Steve Womack,republican,190935,AR
AR - 4,2014,Arkansas,4,110789,Bruce Westerman,republican,206131,AR
AZ - 1,2014,Arizona,1,97391,Ann Kirkpatrick,democrat,185114,AZ
AZ - 2,2014,Arizona,2,109704,Martha McSally,republican,219351,AZ
AZ - 3,2014,Arizona,3,58192,Ra_l M. Grijalva,democrat,104428,AZ
AZ - 4,2014,Arizona,4,122560,Paul A. Gosar,republican,175179,AZ
AZ - 5,2014,Arizona,5,124867,Matt Salmon,republican,179463,AZ
AZ - 6,2014,Arizona,6,129578,David Schweikert,republican,199776,AZ
AZ - 7,2014,Arizona,7,54235,Ruben Gallego,democrat,72454,AZ
AZ - 8,2014,Arizona,8,128710,Trent Franks,republican,169776,AZ
AZ - 9,2014,Arizona,9,88609,Kyrsten Sinema,democrat,162062,AZ
CA - 1,2014,California,1,132052,Doug LaMalfa,republican,216372,CA
CA - 10,2014,California,10,70582,Jeff Denhem,republican,125705,CA
CA - 11,2014,California,11,117502,Mark DeSaulnier,democrat,174662,CA
CA - 12,2014,California,12,160067,Nancy Pelosi,democrat,192264,CA
CA - 13,2014,California,13,168491,Barbara Lee,democrat,190431,CA
CA - 14,2014,California,14,114389,Jackie Speier,democrat,149146,CA
CA - 15,2014,California,15,99756,Eric Swalwell,democrat,142906,CA
CA - 16,2014,California,16,46277,Jim Costa,democrat,91220,CA
CA - 17,2014,California,17,69561,Michael M. Honda,democrat,134408,CA
CA - 18,2014,California,18,133060,Anna G. Eshoo,democrat,196386,CA
CA - 19,2014,California,19,85888,Zoe Lofgren,democrat,127788,CA
CA - 2,2014,California,2,163124,Jared Huffman,democrat,217524,CA
CA - 20,2014,California,20,106034,Sam Farr,democrat,141044,CA
CA - 21,2014,California,21,45907,David G. Valadao,republican,79377,CA
CA - 22,2014,California,22,96053,Devin Nunes,republican,133342,CA
CA - 23,2014,California,23,100317,Kevin McCarthy,republican,134043,CA
CA - 24,2014,California,24,103228,Lois Capps,democrat,198794,CA
CA - 25,2014,California,25,60847,Steve Knight,republican,114072,CA
CA - 26,2014,California,26,87176,Julia Brownley,democrat,169829,CA
CA - 27,2014,California,27,75728,Judy Chu,democrat,127580,CA
CA - 28,2014,California,28,91996,Adam B. Schiff,democrat,120264,CA
CA - 29,2014,California,29,50096,Tony C_rdenas,democrat,67141,CA
CA - 3,2014,California,3,79224,John Garamendi,democrat,150260,CA
CA - 30,2014,California,30,86568,Brad Sherman,democrat,131883,CA
CA - 31,2014,California,31,51622,Pete Aguilar,democrat,99784,CA
CA - 32,2014,California,32,50353,Grace F. Napolitano,democrat,84406,CA
CA - 33,2014,California,33,108331,Ted Lieu,democrat,183031,CA
CA - 34,2014,California,34,44697,Xavier Becerra,democrat,61621,CA
CA - 35,2014,California,35,39502,Norma J. Torres,democrat,62255,CA
CA - 36,2014,California,36,72682,Raul Ruiz,democrat,134139,CA
CA - 37,2014,California,37,96787,Karen Bass,democrat,114838,CA
CA - 38,2014,California,38,58192,Linda T. S_nchez,democrat,98480,CA
CA - 39,2014,California,39,91319,Edward R. Royce,republican,133225,CA
CA - 4,2014,California,4,126784,Tom McClintock,republican,211134,CA
CA - 40,2014,California,40,30208,Lucille Roybal-Allard,democrat,49379,CA
CA - 41,2014,California,41,46948,Mark Takano,democrat,82884,CA
CA - 42,2014,California,42,74540,Ken Calvert,republican,113390,CA
CA - 43,2014,California,43,69681,Maxine Waters,democrat,98202,CA
CA - 44,2014,California,44,59670,Janice Hahn,democrat,68862,CA
CA - 45,2014,California,45,106083,Mimi Walters,republican,162902,CA
CA - 46,2014,California,46,49738,Loretta Sanchez,democrat,83315,CA
CA - 47,2014,California,47,69091,Alan S. Lowenthal,democrat,123400,CA
CA - 48,2014,California,48,112082,Dana Rohracher,republican,174795,CA
CA - 49,2014,California,49,98161,Darrell E. Issa,republican,163142,CA
CA - 5,2014,California,5,129613,Mike Thompson,democrat,171148,CA
CA - 50,2014,California,50,111997,Duncan Hunter,republican,157299,CA
CA - 51,2014,California,51,56373,Juan Vargas,democrat,81950,CA
CA - 52,2014,California,52,98826,Scott H. Peters,democrat,191572,CA
CA - 53,2014,California,53,87104,Susan A. Davis,democrat,148044,CA
CA - 6,2014,California,6,97008,Doris O. Matsui,democrat,133456,CA
CA - 7,2014,California,7,92521,Ami Bera,democrat,183587,CA
CA - 8,2014,California,8,77480,Paul Cook,republican,114536,CA
CA - 9,2014,California,9,63475,Jerry McNerney,democrat,121204,CA
CO - 1,2014,Colorado,1,183281,Diana DeGette,democrat,278494,CO
CO - 2,2014,Colorado,2,196300,Jared Polis,democrat,345945,CO
CO - 3,2014,Colorado,3,163011,Scott R. Tipton,republican,281141,CO
CO - 4,2014,Colorado,4,185292,Ken Buck,republican,286507,CO
CO - 5,2014,Colorado,5,157182,Doug Lamborn,republican,262855,CO
CO - 6,2014,Colorado,6,143467,Mike Coffman,republican,276440,CO
CO - 7,2014,Colorado,7,148225,Ed Perlmutter,democrat,269143,CO
CT - 1,2014,Connecticut,1,127430,John B. Larson,democrat,217881,CT
CT - 2,2014,Connecticut,2,131294,Joe Courtney,democrat,227936,CT
CT - 3,2014,Connecticut,3,130009,Rosa L. DeLauro,democrat,209939,CT
CT - 4,2014,Connecticut,4,101401,James A. Himes,democrat,198800,CT
CT - 5,2014,Connecticut,5,106256,Elizabeth H. Esty,democrat,213301,CT
DE - 0,2014,Delaware,0,137251,"John C. Carney, Jr.",democrat,231617,DE
FL - 1,2014,Florida,1,165086,Jeff Miller,republican,235343,FL
FL - 10,2014,Florida,10,143128,Daniel Webster,republican,232574,FL
FL - 11,2014,Florida,11,181508,Richard B. Nugent,republican,272294,FL
FL - 12,2014,Florida,12,1,Gus M. Bilirakis,republican,1,FL
FL - 13,2014,Florida,13,168172,David W. Jolly,republican,223576,FL
FL - 14,2014,Florida,14,1,Kathy Castor,democrat,1,FL
FL - 15,2014,Florida,15,128750,Dennis A. Ross,republican,213582,FL
FL - 16,2014,Florida,16,169126,Vern Buchanan,republican,274829,FL
FL - 17,2014,Florida,17,141493,Thomas J. Rooney,republican,223756,FL
FL - 18,2014,Florida,18,151478,Patrick Murphy,democrat,253374,FL
FL - 19,2014,Florida,19,159354,Curt Clawson,republican,246861,FL
FL - 2,2014,Florida,2,126096,Gwen Graham,democrat,249780,FL
FL - 20,2014,Florida,20,128498,Alcee L. Hastings,democrat,157466,FL
FL - 21,2014,Florida,21,153395,Theodore E. Deutch,democrat,153970,FL
FL - 22,2014,Florida,22,125404,Lois Frankel,democrat,216096,FL
FL - 23,2014,Florida,23,103269,Debbie Wasserman Schultz,democrat,164788,FL
FL - 24,2014,Florida,24,129192,Frederica S. Wilson,democrat,149918,FL
FL - 25,2014,Florida,25,1,Mario Diaz-Balart,republican,1,FL
FL - 26,2014,Florida,26,83031,Carlos Curbelo,republican,161337,FL
FL - 27,2014,Florida,27,1,Ileana Ros-Lehtinen,republican,1,FL
FL - 3,2014,Florida,3,148691,Ted S. Yoho,republican,228809,FL
FL - 4,2014,Florida,4,177887,Ander Crenshaw,republican,227253,FL
FL - 5,2014,Florida,5,112340,Corrine Brown,democrat,171577,FL
FL - 6,2014,Florida,6,166254,Ron DeSantis,republican,265817,FL
FL - 7,2014,Florida,7,144474,John L. Mica,republican,227164,FL
FL - 8,2014,Florida,8,180728,Bill Posey,republican,274513,FL
FL - 9,2014,Florida,9,93850,Alan Grayson,democrat,173878,FL
GA - 1,2014,Georgia,1,95337,E. L. Buddy Carter,republican,156512,GA
GA - 10,2014,Georgia,10,130703,Jody B. Hice,republican,196480,GA
GA - 11,2014,Georgia,11,161532,Barry D. Loudermilk,republican,161532,GA
GA - 12,2014,Georgia,12,91336,R. W. Rick Allen,republican,166814,GA
GA - 13,2014,Georgia,13,159445,David Scott,democrat,159445,GA
GA - 14,2014,Georgia,14,118782,Tom Graves,republican,118782,GA
GA - 2,2014,Georgia,2,96363,Sanford D. Bishop Jr.,democrat,162900,GA
GA - 3,2014,Georgia,3,156277,Lynn A. Westmoreland,republican,156277,GA
GA - 4,2014,Georgia,4,161211,Henry C. Hank Johnson Jr.,democrat,161320,GA
GA - 5,2014,Georgia,5,170326,John Lewis,democrat,170326,GA
GA - 6,2014,Georgia,6,139018,Tom Price,republican,210504,GA
GA - 7,2014,Georgia,7,113557,Rob Woodall,republican,173669,GA
GA - 8,2014,Georgia,8,129938,Austin Scott,republican,130057,GA
GA - 9,2014,Georgia,9,146059,Doug Collins,republican,181047,GA
HI - 1,2014,Hawaii,1,93390,Mark Takai,democrat,182268,HI
HI - 2,2014,Hawaii,2,142010,Tulsi Gabbard,democrat,187435,HI
IA - 1,2014,Iowa,1,147762,Rod Blum,republican,289306,IA
IA - 2,2014,Iowa,2,143431,David Loebsack,democrat,273329,IA
IA - 3,2014,Iowa,3,148814,David Young,republican,282066,IA
IA - 4,2014,Iowa,4,169834,Steve King,republican,275633,IA
ID - 1,2014,Idaho,1,143580,Ra_l R. Labrador,republican,220864,ID
ID - 2,2014,Idaho,2,131492,Michael K. Simpson,republican,214293,ID
IL - 1,2014,Illinois,1,162268,Bobby L. Rush,democrat,222017,IL
IL - 10,2014,Illinois,10,95992,Robert Dold,republican,187128,IL
IL - 11,2014,Illinois,11,93436,Bill Foster,democrat,174772,IL
IL - 12,2014,Illinois,12,110038,Mike Bost,republican,209738,IL
IL - 13,2014,Illinois,13,123337,Rodney Davis,republican,210272,IL
IL - 14,2014,Illinois,14,145369,Randy Hultgren,republican,222230,IL
IL - 15,2014,Illinois,15,166274,John Shimkus,republican,221926,IL
IL - 16,2014,Illinois,16,153388,Adam Kinzinger,republican,217198,IL
IL - 17,2014,Illinois,17,110560,Cheri Bustos,democrat,199361,IL
IL - 18,2014,Illinois,18,184363,Aaron Schock,republican,246740,IL
IL - 2,2014,Illinois,2,160337,Robin L. Kelly,democrat,204266,IL
IL - 3,2014,Illinois,3,116764,Daniel Lipinski,democrat,180855,IL
IL - 4,2014,Illinois,4,79666,Luis V. Guti_rrez,democrat,101944,IL
IL - 5,2014,Illinois,5,116364,Mike Quigley,democrat,184019,IL
IL - 6,2014,Illinois,6,160287,Peter J. Roskam,republican,238752,IL
IL - 7,2014,Illinois,7,155110,Danny K. Davis,democrat,182278,IL
IL - 8,2014,Illinois,8,84178,Tammy Duckworth,democrat,151056,IL
IL - 9,2014,Illinois,9,141000,Janice D. Schakowsky,democrat,213450,IL
IN - 1,2014,Indiana,1,86579,Peter J. Visclosky,democrat,142293,IN
IN - 2,2014,Indiana,2,85583,Jackie Walorski,republican,145200,IN
IN - 3,2014,Indiana,3,97892,Marlin A. Stutzman,republican,148793,IN
IN - 4,2014,Indiana,4,94998,Todd Rokita,republican,142054,IN
IN - 5,2014,Indiana,5,105277,Susan W. Brooks,republican,161440,IN
IN - 6,2014,Indiana,6,102187,Luke Messer,republican,155071,IN
IN - 7,2014,Indiana,7,61443,Andr_ Carson,democrat,112261,IN
IN - 8,2014,Indiana,8,103344,Larry Bucshon,republican,171315,IN
IN - 9,2014,Indiana,9,101594,Todd C. Young,republican,163387,IN
KS - 1,2014,Kansas,1,138764,Tim Huelskamp,republican,204161,KS
KS - 2,2014,Kansas,2,128742,Lynn Jenkins,republican,225686,KS
KS - 3,2014,Kansas,3,134493,Kevin Yoder,republican,224077,KS
KS - 4,2014,Kansas,4,138757,Mike Pompeo,republican,208153,KS
KY - 1,2014,Kentucky,1,173022,Ed Whitfield,republican,236618,KY
KY - 2,2014,Kentucky,2,156936,Brett Guthrie,republican,226834,KY
KY - 3,2014,Kentucky,3,157056,John A. Yarmuth,democrat,247355,KY
KY - 4,2014,Kentucky,4,150464,Thomas Massie,republican,222158,KY
KY - 5,2014,Kentucky,5,171350,Harold Rogers,republican,218967,KY
KY - 6,2014,Kentucky,6,147404,Andy Barr,republican,245694,KY
LA - 1,2014,Louisiana,1,189250,Steve Scalise,republican,244004,LA
LA - 2,2014,Louisiana,2,152201,Cedric L. Richmond,democrat,221570,LA
LA - 3,2014,Louisiana,3,185867,Charles W. Boustany Jr.,republican,236268,LA
LA - 4,2014,Louisiana,4,152683,John Fleming,republican,207919,LA
LA - 5,2014,Louisiana,5,134616,Ralph Lee Abraham,republican,326073,LA
LA - 6,2014,Louisiana,6,139209,Garret Graves,republican,332888,LA
MA - 1,2014,Massachusetts,1,167612,Richard E. Neal,democrat,227075,MA
MA - 2,2014,Massachusetts,2,169640,James P. McGovern,democrat,235813,MA
MA - 3,2014,Massachusetts,3,139104,Niki Tsongas,democrat,230789,MA
MA - 4,2014,Massachusetts,4,184158,Joseph P. Kennedy III,democrat,255297,MA
MA - 5,2014,Massachusetts,5,182100,Katherine M. Clark,democrat,256486,MA
MA - 6,2014,Massachusetts,6,149638,Seth W. Moulton,democrat,278919,MA
MA - 7,2014,Massachusetts,7,142133,Michael E. Capuano,democrat,176077,MA
MA - 8,2014,Massachusetts,8,200644,Stephen F. Lynch,democrat,261781,MA
MA - 9,2014,Massachusetts,9,140413,William R. Keating,democrat,264552,MA
MD - 1,2014,Maryland,1,176342,Andy Harris,republican,250418,MD
MD - 2,2014,Maryland,2,120412,C. A. Dutch Ruppersberger,democrat,196354,MD
MD - 3,2014,Maryland,3,128594,John P. Sarbanes,democrat,215946,MD
MD - 4,2014,Maryland,4,134628,Donna F. Edwards,democrat,191837,MD
MD - 5,2014,Maryland,5,144725,Steny H. Hoyer,democrat,226040,MD
MD - 6,2014,Maryland,6,94704,John K. Delaney,democrat,190536,MD
MD - 7,2014,Maryland,7,144639,Elijah E. Cummings,democrat,206809,MD
MD - 8,2014,Maryland,8,136722,Chris Van Hollen,democrat,225097,MD
ME - 1,2014,Maine,1,186674,Chellie Pingree,democrat,321987,ME
ME - 2,2014,Maine,2,133320,Bruce Poliquin,republican,295009,ME
MI - 1,2014,Michigan,1,130414,Dan Benishek,republican,250131,MI
MI - 10,2014,Michigan,10,157069,Candice S. Miller,republican,228692,MI
MI - 11,2014,Michigan,11,140435,Dave Trott,republican,251238,MI
MI - 12,2014,Michigan,12,134346,Debbie Dingell,democrat,206660,MI
MI - 13,2014,Michigan,13,132710,John Conyers Jr.,democrat,166947,MI
MI - 14,2014,Michigan,14,165272,Brenda Lawrence,democrat,212468,MI
MI - 2,2014,Michigan,2,135568,Bill Huizenga,republican,213072,MI
MI - 3,2014,Michigan,3,125754,Justin Amash,republican,217165,MI
MI - 4,2014,Michigan,4,123962,John Moolenaar,republican,219423,MI
MI - 5,2014,Michigan,5,148182,Daniel T. Kildee,democrat,222138,MI
MI - 6,2014,Michigan,6,116801,Fred Upton,republican,208976,MI
MI - 7,2014,Michigan,7,119564,Tim Walberg,republican,223685,MI
MI - 8,2014,Michigan,8,132739,Mike Bishop,republican,243125,MI
MI - 9,2014,Michigan,9,136342,Sander M. Levin,democrat,225757,MI
MN - 1,2014,Minnesota,1,122851,Timothy J. Walz,democrat,226695,MN
MN - 2,2014,Minnesota,2,137778,John Kline,republican,245848,MN
MN - 3,2014,Minnesota,3,167515,Erik Paulsen,republican,269585,MN
MN - 4,2014,Minnesota,4,147857,Betty McCollum,democrat,241637,MN
MN - 5,2014,Minnesota,5,167079,Keith Ellison,democrat,236010,MN
MN - 6,2014,Minnesota,6,133328,Tom Emmer,republican,236846,MN
MN - 7,2014,Minnesota,7,130546,Collin C. Peterson,democrat,240835,MN
MN - 8,2014,Minnesota,8,129090,Richard M. Nolan,democrat,266083,MN
MO - 1,2014,Missouri,1,119315,Wm. Lacy Clay,democrat,163494,MO
MO - 2,2014,Missouri,2,148191,Ann Wagner,republican,231117,MO
MO - 3,2014,Missouri,3,130940,Blaine Luetkemeyer,republican,191620,MO
MO - 4,2014,Missouri,4,120014,Vicky Hartzler,republican,176286,MO
MO - 5,2014,Missouri,5,79256,Emanuel Cleaver,democrat,153635,MO
MO - 6,2014,Missouri,6,124616,Sam Graves,republican,186970,MO
MO - 7,2014,Missouri,7,104054,Billy Long,republican,163957,MO
MO - 8,2014,Missouri,8,106124,Jason T. Smith,republican,159224,MO
MS - 1,2014,Mississippi,1,102622,Alan Nunnelee,republican,151111,MS
MS - 2,2014,Mississippi,2,100688,Bennie G. Thompson,democrat,148646,MS
MS - 3,2014,Mississippi,3,117771,Gregg Harper,republican,170946,MS
MS - 4,2014,Mississippi,4,108776,Steven M. Palazzo,republican,155576,MS
MT - 0,2014,Montana,0,203871,Ryan Zinke,republican,367963,MT
NC - 1,2014,North Carolina,1,154333,G. K. Butterfield,democrat,210323,NC
NC - 10,2014,North Carolina,10,133504,Patrick T. McHenry,republican,218796,NC
NC - 11,2014,North Carolina,11,144682,Mark Meadows,republican,230024,NC
NC - 12,2014,North Carolina,12,130096,Alma Adams,democrat,172664,NC
NC - 13,2014,North Carolina,13,153991,George Holding,republican,268709,NC
NC - 2,2014,North Carolina,2,122128,Renee L. Ellmers,republican,207607,NC
NC - 3,2014,North Carolina,3,139415,Walter B. Jones,republican,205597,NC
NC - 4,2014,North Carolina,4,169946,David E. Price,democrat,227362,NC
NC - 5,2014,North Carolina,5,139279,Virginia Foxx,republican,228252,NC
NC - 6,2014,North Carolina,6,147312,Mark Walker,republican,251070,NC
NC - 7,2014,North Carolina,7,134431,David Rouzer,republican,226504,NC
NC - 8,2014,North Carolina,8,121568,Richard Hudson,republican,187422,NC
NC - 9,2014,North Carolina,9,163080,Robert Pittenger,republican,173668,NC
ND - 0,2014,North Dakota,0,138100,Kevin Cramer,republican,248670,ND
NE - 1,2014,Nebraska,1,123219,Jeff Fortenberry,republican,179057,NE
NE - 2,2014,Nebraska,2,83872,Brad Ashford,democrat,171509,NE
NE - 3,2014,Nebraska,3,139440,Adrian Smith,republican,184964,NE
NH - 1,2014,New Hampshire,1,125508,Frank C. Guinta,republican,242736,NH
NH - 2,2014,New Hampshire,2,130700,Ann M. Kuster,democrat,238184,NH
NJ - 1,2014,New Jersey,1,93315,Donald W. Norcross,democrat,162492,NJ
NJ - 10,2014,New Jersey,10,95734,Donald M. Payne Jr.,democrat,112123,NJ
NJ - 11,2014,New Jersey,11,109455,Rodney P. Frelinghuysen,republican,174932,NJ
NJ - 12,2014,New Jersey,12,90430,Bonnie Watson,democrat,148366,NJ
NJ - 2,2014,New Jersey,2,108875,Frank A. LoBiondo,republican,177148,NJ
NJ - 3,2014,New Jersey,3,100471,Tom MacArthur,republican,186103,NJ
NJ - 4,2014,New Jersey,4,118826,Christopher H. Smith,republican,174849,NJ
NJ - 5,2014,New Jersey,5,104678,Scott Garrett,republican,188921,NJ
NJ - 6,2014,New Jersey,6,72190,Frank Pallone Jr.,democrat,120457,NJ
NJ - 7,2014,New Jersey,7,104287,Leonard Lance,republican,175997,NJ
NJ - 8,2014,New Jersey,8,61510,Albio Sires,democrat,79518,NJ
NJ - 9,2014,New Jersey,9,82498,Bill Pascrell,democrat,120459,NJ
NM - 1,2014,New Mexico,1,105474,Michelle Lujan Grisham,democrat,180032,NM
NM - 2,2014,New Mexico,2,95209,Steven Pearce,republican,147777,NM
NM - 3,2014,New Mexico,3,113249,Ben Ray Luj_n,democrat,184076,NM
NV - 1,2014,Nevada,1,45643,Dina Titus,democrat,80299,NV
NV - 2,2014,Nevada,2,122402,Mark E. Amodei,republican,186210,NV
NV - 3,2014,Nevada,3,88528,Joseph J. Heck,republican,145719,NV
NV - 4,2014,Nevada,4,63466,Cresent Hardy,republican,130781,NV
NY - 1,2014,New York,1,77062,Lee M. Zeldin,republican,176719,NY
NY - 10,2014,New York,10,73945,Jerrold Nadler,democrat,113226,NY
NY - 11,2014,New York,11,48291,Michael G. Grimm,republican,110999,NY
NY - 12,2014,New York,12,78440,Carolyn B. Maloney,democrat,117420,NY
NY - 13,2014,New York,13,63437,Charles B. Rangel,democrat,91834,NY
NY - 14,2014,New York,14,45370,Joseph Crowley,democrat,67372,NY
NY - 15,2014,New York,15,53128,Jos_ E. Serrano,democrat,61268,NY
NY - 16,2014,New York,16,90088,Eliot L. Engel,democrat,138655,NY
NY - 17,2014,New York,17,89295,Nita M. Lowey,democrat,181674,NY
NY - 18,2014,New York,18,76235,Sean Patrick Maloney,democrat,186715,NY
NY - 19,2014,New York,19,102118,Christopher P. Gibson,republican,210351,NY
NY - 2,2014,New York,2,76659,Peter T. King,republican,146617,NY
NY - 20,2014,New York,20,103437,Paul Tonko,democrat,211965,NY
NY - 21,2014,New York,21,79615,Elise M. Stefanik,republican,181558,NY
NY - 22,2014,New York,22,113574,Richard L. Hanna,republican,175372,NY
NY - 23,2014,New York,23,94375,Tom Reed,republican,190554,NY
NY - 24,2014,New York,24,93881,John M. Katko,republican,203417,NY
NY - 25,2014,New York,25,87264,Louise McIntosh Slaughter,democrat,196516,NY
NY - 26,2014,New York,26,100648,Brian Higgins,democrat,173911,NY
NY - 27,2014,New York,27,109171,Chris Collins,republican,215147,NY
NY - 3,2014,New York,3,80393,Steve Israel,democrat,171163,NY
NY - 4,2014,New York,4,83772,Kathleen M. Rice,democrat,175305,NY
NY - 5,2014,New York,5,75712,Gregory W. Meeks,democrat,94400,NY
NY - 6,2014,New York,6,49227,Grace Meng,democrat,77306,NY
NY - 7,2014,New York,7,47142,Nydia M. Vel神__zquez,democrat,68522,NY
NY - 8,2014,New York,8,70469,Hakeem S. Jeffries,democrat,95113,NY
NY - 9,2014,New York,9,70997,Yvette D. Clarke,democrat,101606,NY
OH - 1,2014,Ohio,1,124779,Steve Chabot,republican,197383,OH
OH - 10,2014,Ohio,10,130752,Michael R. Turner,republican,200606,OH
OH - 11,2014,Ohio,11,137105,Marcia L. Fudge,democrat,172566,OH
OH - 12,2014,Ohio,12,150573,Patrick J. Tiberi,republican,221081,OH
OH - 13,2014,Ohio,13,120230,Tim Ryan,democrat,175549,OH
OH - 14,2014,Ohio,14,135736,David P. Joyce,republican,214580,OH
OH - 15,2014,Ohio,15,128496,Steve Stivers,republican,194621,OH
OH - 16,2014,Ohio,16,132176,James B. Renacci,republican,207375,OH
OH - 2,2014,Ohio,2,132658,Brad R. Wenstrup,republican,201111,OH
OH - 3,2014,Ohio,3,91769,Joyce Beatty,democrat,143261,OH
OH - 4,2014,Ohio,4,125907,Jim Jordan,republican,186072,OH
OH - 5,2014,Ohio,5,134449,Robert E. Latta,republican,202300,OH
OH - 6,2014,Ohio,6,111026,Bill Johnson,republican,190652,OH
OH - 7,2014,Ohio,7,143959,Bob Gibbs,republican,143959,OH
OH - 8,2014,Ohio,8,126539,John A. Boehner,republican,188330,OH
OH - 9,2014,Ohio,9,108870,Marcy Kaptur,democrat,160715,OH
OK - 1,2014,Oklahoma,1,1,Jim Bridenstine,republican,1,OK
OK - 2,2014,Oklahoma,2,110925,Markwayne Mullin,republican,158407,OK
OK - 3,2014,Oklahoma,3,133335,Frank D. Lucas,republican,169605,OK
OK - 4,2014,Oklahoma,4,117721,Tom Cole,republican,166268,OK
OK - 5,2014,Oklahoma,5,95632,Steve Russell,republican,159133,OK
OR - 1,2014,Oregon,1,160038,Suzanne Bonamici,democrat,279253,OR
OR - 2,2014,Oregon,2,202374,Greg Walden,republican,287425,OR
OR - 3,2014,Oregon,3,211748,Earl Blumenauer,democrat,292757,OR
OR - 4,2014,Oregon,4,181624,Peter A. DeFazio,democrat,310179,OR
OR - 5,2014,Oregon,5,150944,Kurt Schrader,democrat,281088,OR
PA - 1,2014,Pennsylvania,1,131248,Robert A. Brady,democrat,158441,PA
PA - 10,2014,Pennsylvania,10,112851,Tom Marino,republican,180322,PA
PA - 11,2014,Pennsylvania,11,122464,Lou Barletta,republican,184692,PA
PA - 12,2014,Pennsylvania,12,127993,Keith J. Rothfus,republican,215921,PA
PA - 13,2014,Pennsylvania,13,123601,Brendan F. Boyle,democrat,184150,PA
PA - 14,2014,Pennsylvania,14,148351,Michael F. Doyle,democrat,148351,PA
PA - 15,2014,Pennsylvania,15,128285,Charles W. Dent,republican,128285,PA
PA - 16,2014,Pennsylvania,16,101722,Joseph R. Pitts,republican,176235,PA
PA - 17,2014,Pennsylvania,17,93680,Matt Cartwright,democrat,165051,PA
PA - 18,2014,Pennsylvania,18,166076,Tim Murphy,republican,166076,PA
PA - 2,2014,Pennsylvania,2,181141,Chaka Fattah,democrat,206538,PA
PA - 3,2014,Pennsylvania,3,113859,Mike Kelly,republican,187790,PA
PA - 4,2014,Pennsylvania,4,147090,Scott Perry,republican,197340,PA
PA - 5,2014,Pennsylvania,5,115018,Glenn Thompson,republican,180857,PA
PA - 6,2014,Pennsylvania,6,119643,Ryan Costello,republican,212544,PA
PA - 7,2014,Pennsylvania,7,145869,Patrick Meehan,republican,235125,PA
PA - 8,2014,Pennsylvania,8,137731,Michael G. Fitzpatrick,republican,222498,PA
PA - 9,2014,Pennsylvania,9,110094,Bill Shuster,republican,173317,PA
RI - 1,2014,Rhode Island,1,87060,David N. Cicilline,democrat,146353,RI
RI - 2,2014,Rhode Island,2,105716,James R. Langevin,democrat,169904,RI
SC - 1,2014,South Carolina,1,119392,Mark Sanford,republican,127815,SC
SC - 2,2014,South Carolina,2,121649,Joe Wilson,republican,194808,SC
SC - 3,2014,South Carolina,3,116741,Jeff Duncan,republican,164009,SC
SC - 4,2014,South Carolina,4,126452,Trey Gowdy,republican,149049,SC
SC - 5,2014,South Carolina,5,103078,Mick Mulvaney,republican,175145,SC
SC - 6,2014,South Carolina,6,125747,James E. Clyburn,democrat,173432,SC
SC - 7,2014,South Carolina,7,102833,Tom Rice,republican,171524,SC
SD - 0,2014,South Dakota,0,183834,Kristi L. Noem,republican,276319,SD
TN - 1,2014,Tennessee,1,115533,David P. Roe,republican,139470,TN
TN - 2,2014,Tennessee,2,120883,John J. Duncan Jr.,republican,166751,TN
TN - 3,2014,Tennessee,3,97344,Charles J. Chuck Fleischmann,republican,156097,TN
TN - 4,2014,Tennessee,4,84815,Scott Des Jarlais,republican,145418,TN
TN - 5,2014,Tennessee,5,96148,Jim Cooper,democrat,154276,TN
TN - 6,2014,Tennessee,6,115231,Diane Black,republican,162097,TN
TN - 7,2014,Tennessee,7,110534,Marsha Blackburn,republican,157907,TN
TN - 8,2014,Tennessee,8,122255,Stephen Lee Fincher,republican,172595,TN
TN - 9,2014,Tennessee,9,87376,Steve Cohen,democrat,116550,TN
TX - 1,2014,Texas,1,115084,Louie Gohmert,republican,148560,TX
TX - 10,2014,Texas,10,109726,Michael T. McCaul,republican,176460,TX
TX - 11,2014,Texas,11,107939,K. Michael Conaway,republican,119574,TX
TX - 12,2014,Texas,12,113186,Kay Granger,republican,158730,TX
TX - 13,2014,Texas,13,110842,Mac Thornberry,republican,131451,TX
TX - 14,2014,Texas,14,90116,Randy K. Weber Sr.,republican,145698,TX
TX - 15,2014,Texas,15,48708,Rub_n Hinojosa,democrat,90184,TX
TX - 16,2014,Texas,16,49338,Beto ORourke,democrat,73105,TX
TX - 17,2014,Texas,17,85807,Bill Flores,republican,132865,TX
TX - 18,2014,Texas,18,76097,Sheila Jackson Lee,democrat,106010,TX
TX - 19,2014,Texas,19,90160,Randy Neugebauer,republican,116818,TX
TX - 2,2014,Texas,2,101936,Ted Poe,republican,150026,TX
TX - 20,2014,Texas,20,66554,Joaquin Castro,democrat,87964,TX
TX - 21,2014,Texas,21,135660,Lamar Smith,republican,188996,TX
TX - 22,2014,Texas,22,100861,Pete Olson,republican,151566,TX
TX - 23,2014,Texas,23,57459,Will Hurd,republican,115429,TX
TX - 24,2014,Texas,24,93712,Kenny Marchant,republican,144073,TX
TX - 25,2014,Texas,25,107120,Roger Williams,republican,177883,TX
TX - 26,2014,Texas,26,116944,Michael C. Burgess,republican,141470,TX
TX - 27,2014,Texas,27,83342,Blake Farenthold,republican,131047,TX
TX - 28,2014,Texas,28,62508,Henry Cuellar,democrat,76136,TX
TX - 29,2014,Texas,29,41321,Gene Green,democrat,46143,TX
TX - 3,2014,Texas,3,113404,Sam Johnson,republican,138280,TX
TX - 30,2014,Texas,30,93041,Eddie Bernice Johnson,democrat,105793,TX
TX - 31,2014,Texas,31,91607,John R. Carter,republican,143028,TX
TX - 32,2014,Texas,32,96495,Pete Sessions,republican,156096,TX
TX - 33,2014,Texas,33,43769,Marc A. Veasey,democrat,50592,TX
TX - 34,2014,Texas,34,47503,Filemon Vela,democrat,79877,TX
TX - 35,2014,Texas,35,60124,Lloyd Doggett,democrat,96225,TX
TX - 36,2014,Texas,36,101663,Brian Babin,republican,133842,TX
TX - 4,2014,Texas,4,115085,John Ratcliffe,republican,115085,TX
TX - 5,2014,Texas,5,88998,Jeb Hensarling,republican,104262,TX
TX - 6,2014,Texas,6,92334,Joe Barton,republican,150996,TX
TX - 7,2014,Texas,7,90606,John Abney Culberson,republican,143219,TX
TX - 8,2014,Texas,8,125066,Kevin Brady,republican,140013,TX
TX - 9,2014,Texas,9,78109,Al Green,democrat,86003,TX
UT - 1,2014,Utah,1,84231,Rob Bishop,republican,130034,UT
UT - 2,2014,Utah,2,88915,Chris Stewart,republican,146188,UT
UT - 3,2014,Utah,3,102952,Jason Chaffetz,republican,142580,UT
UT - 4,2014,Utah,4,74936,Mia B. Love,republican,147168,UT
VA - 1,2014,Virginia,1,131861,Robert J. Wittman,republican,209621,VA
VA - 10,2014,Virginia,10,125914,Barbara J. Comstock,republican,222910,VA
VA - 11,2014,Virginia,11,106780,Gerald E. Connolly,democrat,187805,VA
VA - 2,2014,Virginia,2,101558,E. Scott Rigell,republican,173060,VA
VA - 3,2014,Virginia,3,139197,Robert C. Bobby Scott,democrat,147402,VA
VA - 4,2014,Virginia,4,120684,J. Randy Forbes,republican,200638,VA
VA - 5,2014,Virginia,5,124735,Robert Hurt,republican,204945,VA
VA - 6,2014,Virginia,6,133898,Bob Goodlatte,republican,179708,VA
VA - 7,2014,Virginia,7,148026,David A. Brat,republican,243351,VA
VA - 8,2014,Virginia,8,128102,Donald S. Beyer Jr.,democrat,203076,VA
VA - 9,2014,Virginia,9,117465,H. Morgan Griffith,republican,162815,VA
VT - 0,2014,Vermont,0,123349,Peter Welch,democrat,191504,VT
WA - 1,2014,Washington,1,124151,Suzan K. DelBene,democrat,225579,WA
WA - 10,2014,Washington,10,99279,Denny Heck,democrat,181492,WA
WA - 2,2014,Washington,2,122173,Rick Larsen,democrat,201691,WA
WA - 3,2014,Washington,3,124796,Jaime Herrera Beutler,republican,202814,WA
WA - 4,2014,Washington,4,77772,Dan Newhouse,republican,153079,WA
WA - 5,2014,Washington,5,135470,Cathy McMorris Rodgers,republican,223242,WA
WA - 6,2014,Washington,6,141265,Derek Kilmer,democrat,224290,WA
WA - 7,2014,Washington,7,203954,Jim McDermott,democrat,251875,WA
WA - 8,2014,Washington,8,125741,David G. Reichert,republican,198744,WA
WA - 9,2014,Washington,9,118132,Adam Smith,democrat,166794,WA
WI - 1,2014,Wisconsin,1,182316,Paul Ryan,republican,288170,WI
WI - 2,2014,Wisconsin,2,224920,Mark Pocan,democrat,328847,WI
WI - 3,2014,Wisconsin,3,155368,Ron Kind,democrat,275161,WI
WI - 4,2014,Wisconsin,4,179045,Gwen Moore,democrat,254892,WI
WI - 5,2014,Wisconsin,5,231160,F. James Sensenbrenner Jr.,republican,332826,WI
WI - 6,2014,Wisconsin,6,169767,Glenn Grothman,republican,299033,WI
WI - 7,2014,Wisconsin,7,169891,Sean P. Duffy,republican,286603,WI
WI - 8,2014,Wisconsin,8,188553,Reid J. Ribble,republican,290048,WI
WV - 1,2014,West Virginia,1,92491,David B. McKinley,republican,144737,WV
WV - 2,2014,West Virginia,2,72619,Alex X. Mooney,republican,154250,WV
WV - 3,2014,West Virginia,3,77713,Evan Jenkins,republican,140401,WV
WY - 0,2014,Wyoming,0,113038,Cynthia M. Lummis,republican,171153,WY
AK - 0,2016,Alaska,0,155088,Don Young,republican,308198,AK
AL - 1,2016,Alabama,1,208083,Bradley Byrne,republican,215893,AL
AL - 2,2016,Alabama,2,134886,Martha Roby,republican,276584,AL
AL - 3,2016,Alabama,3,192164,Mike Rogers,republican,287104,AL
AL - 4,2016,Alabama,4,235925,Robert B. Aderholt,republican,239444,AL
AL - 5,2016,Alabama,5,205647,Mo Brooks,republican,308326,AL
AL - 6,2016,Alabama,6,245313,Gary J. Palmer,republican,329306,AL
AL - 7,2016,Alabama,7,229330,Terri A. Sewell,democrat,233028,AL
AR - 1,2016,Arkansas,1,183866,Eric A. Rick Crawford,republican,241047,AR
AR - 2,2016,Arkansas,2,176472,J. French Hill,republican,302464,AR
AR - 3,2016,Arkansas,3,217192,Steve Womack,republican,280907,AR
AR - 4,2016,Arkansas,4,182885,Bruce Westerman,republican,244159,AR
AZ - 1,2016,Arizona,1,142219,Tom OHalleran,democrat,280710,AZ
AZ - 2,2016,Arizona,2,179806,Martha McSally,republican,315679,AZ
AZ - 3,2016,Arizona,3,148973,Ra_l M. Grijalva,democrat,151035,AZ
AZ - 4,2016,Arizona,4,203487,Paul A. Gosar,republican,284783,AZ
AZ - 5,2016,Arizona,5,205184,Andy Biggs,republican,320124,AZ
AZ - 6,2016,Arizona,6,201578,David Schweikert,republican,324444,AZ
AZ - 7,2016,Arizona,7,119465,Ruben Gallego,democrat,158811,AZ
AZ - 8,2016,Arizona,8,204942,Trent Franks,republican,298971,AZ
AZ - 9,2016,Arizona,9,169055,Kyrsten Sinema,democrat,277507,AZ
CA - 1,2016,California,1,185448,Doug LaMalfa,republican,314036,CA
CA - 10,2016,California,10,124671,Jeff Denham,republican,241141,CA
CA - 11,2016,California,11,214868,Mark DeSaulnier,democrat,298209,CA
CA - 12,2016,California,12,274035,Nancy Pelosi,democrat,338845,CA
CA - 13,2016,California,13,293117,Barbara Lee,democrat,322871,CA
CA - 14,2016,California,14,231630,Jackie Speier,democrat,286447,CA
CA - 15,2016,California,15,198578,Eric Swalwell,democrat,269197,CA
CA - 16,2016,California,16,97473,Jim Costa,democrat,167956,CA
CA - 17,2016,California,17,142268,Ro Khanna,democrat,233192,CA
CA - 18,2016,California,18,230460,Anna G. Eshoo,democrat,323930,CA
CA - 19,2016,California,19,181802,Zoe Lofgren,democrat,245863,CA
CA - 2,2016,California,2,254194,Jared Huffman,democrat,330766,CA
CA - 20,2016,California,20,180980,Jimmy Panetta,democrat,255791,CA
CA - 21,2016,California,21,75126,David G. Valadao,republican,132408,CA
CA - 22,2016,California,22,158755,Devin Nunes,republican,234966,CA
CA - 23,2016,California,23,167116,Kevin McCarthy,republican,241584,CA
CA - 24,2016,California,24,166034,Salud Carbajal,democrat,310814,CA
CA - 25,2016,California,25,138755,Stephen Knight,republican,261161,CA
CA - 26,2016,California,26,169248,Julia Brownley,democrat,280307,CA
CA - 27,2016,California,27,168977,Judy Chu,democrat,250632,CA
CA - 28,2016,California,28,210883,Adam B. Schiff,democrat,270409,CA
CA - 29,2016,California,29,128407,Tony C_rdenas,democrat,171824,CA
CA - 3,2016,California,3,152513,John Garamendi,democrat,256966,CA
CA - 30,2016,California,30,205279,Brad Sherman,democrat,282604,CA
CA - 31,2016,California,31,121070,Pete Aguilar,democrat,215936,CA
CA - 32,2016,California,32,114926,Grace F. Napolitano,democrat,186646,CA
CA - 33,2016,California,33,219397,Ted Lieu,democrat,330219,CA
CA - 34,2016,California,34,122842,Xavier Becerra,democrat,159156,CA
CA - 35,2016,California,35,124044,Norma J. Torres,democrat,171353,CA
CA - 36,2016,California,36,144348,Raul Ruiz,democrat,232617,CA
CA - 37,2016,California,37,192490,Karen Bass,democrat,237272,CA
CA - 38,2016,California,38,163590,Linda T. S_nchez,democrat,232114,CA
CA - 39,2016,California,39,150777,Edward R. Royce,republican,263456,CA
CA - 4,2016,California,4,220133,Tom McClintock,republican,350978,CA
CA - 40,2016,California,40,106554,Lucille Roybal-Allard,democrat,149297,CA
CA - 41,2016,California,41,128164,Mark Takano,democrat,197323,CA
CA - 42,2016,California,42,149547,Ken Calvert,republican,254236,CA
CA - 43,2016,California,43,167017,Maxine Waters,democrat,219516,CA
CA - 44,2016,California,44,93124,Nanette Diaz Barrag神__神_肱,democrat,178413,CA
CA - 45,2016,California,45,182618,Mimi Walters,republican,311849,CA
CA - 46,2016,California,46,115248,Lou Correa,democrat,164593,CA
CA - 47,2016,California,47,154759,Alan S. Lowenthal,democrat,242868,CA
CA - 48,2016,California,48,178701,Dana Rohrabacher,republican,306416,CA
CA - 49,2016,California,49,155888,Darrell E. Issa,republican,310155,CA
CA - 5,2016,California,5,224526,Mike Thompson,democrat,292091,CA
CA - 50,2016,California,50,179937,Duncan Hunter,republican,283583,CA
CA - 51,2016,California,51,145162,Juan Vargas,democrat,199524,CA
CA - 52,2016,California,52,181253,Scott H. Peters,democrat,320656,CA
CA - 53,2016,California,53,198988,Susan A. Davis,democrat,296956,CA
CA - 6,2016,California,6,177565,Doris O. Matsui,democrat,235413,CA
CA - 7,2016,California,7,152133,Ami Bera,democrat,297301,CA
CA - 8,2016,California,8,136972,Paul Cook,republican,220007,CA
CA - 9,2016,California,9,133163,Jerry McNerney,democrat,232155,CA
CO - 1,2016,Colorado,1,257254,Diana DeGette,democrat,379036,CO
CO - 2,2016,Colorado,2,260175,Jared Polis,democrat,457312,CO
CO - 3,2016,Colorado,3,204220,Scott R. Tipton,republican,374037,CO
CO - 4,2016,Colorado,4,248230,Ken Buck,republican,390633,CO
CO - 5,2016,Colorado,5,225445,Doug Lamborn,republican,361993,CO
CO - 6,2016,Colorado,6,191626,Mike Coffman,republican,376417,CO
CO - 7,2016,Colorado,7,199758,Ed Perlmutter,democrat,362010,CO
CT - 1,2016,Connecticut,1,187021,John B. Larson,democrat,312925,CT
CT - 2,2016,Connecticut,2,186210,Joe Courtney,democrat,330257,CT
CT - 3,2016,Connecticut,3,192274,Rosa L. DeLauro,democrat,309379,CT
CT - 4,2016,Connecticut,4,187811,James A. Himes,democrat,313540,CT
CT - 5,2016,Connecticut,5,163499,Elizabeth H. Etsy,democrat,309082,CT
DE - 0,2016,Delaware,0,233554,Lisa Blunt Rochester,democrat,420617,DE
FL - 1,2016,Florida,1,255107,Matt Gaetz,republican,369186,FL
FL - 10,2016,Florida,10,198491,Val Demings,democrat,305989,FL
FL - 11,2016,Florida,11,258016,Daniel Webster,republican,394719,FL
FL - 12,2016,Florida,12,253559,Gus M. Bilirakis,republican,369669,FL
FL - 13,2016,Florida,13,184693,Charlie Crist,democrat,355842,FL
FL - 14,2016,Florida,14,195789,Kathy Castor,democrat,316877,FL
FL - 15,2016,Florida,15,182999,Dennis A. Ross,republican,318474,FL
FL - 16,2016,Florida,16,230654,Vern Buchanan,republican,385916,FL
FL - 17,2016,Florida,17,209348,Thomas J. Rooney,republican,338675,FL
FL - 18,2016,Florida,18,201488,Brian Mast,republican,375918,FL
FL - 19,2016,Florida,19,239225,Francis Rooney,republican,363166,FL
FL - 2,2016,Florida,2,231163,Neal Dunn,republican,343362,FL
FL - 20,2016,Florida,20,222914,Alcee L. Hastings,democrat,277560,FL
FL - 21,2016,Florida,21,210606,Lois Frankel,democrat,335861,FL
FL - 22,2016,Florida,22,199113,Theodore E. Deutch,democrat,337850,FL
FL - 23,2016,Florida,23,183225,Debbie Wasserman Schultz,democrat,323120,FL
FL - 24,2016,Florida,24,0,Frederica S. Wilson,democrat,0,FL
FL - 25,2016,Florida,25,157921,Mario Diaz-Balart,republican,253240,FL
FL - 26,2016,Florida,26,148547,Carlos Curbelo,republican,280542,FL
FL - 27,2016,Florida,27,157917,Ileana Ros-Lehtinen,republican,287677,FL
FL - 3,2016,Florida,3,193843,Ted S. Yoho,republican,342700,FL
FL - 4,2016,Florida,4,287509,John Rutherford,republican,409662,FL
FL - 5,2016,Florida,5,194549,Al Lawson,democrat,302874,FL
FL - 6,2016,Florida,6,213519,Ron DeSantis,republican,364570,FL
FL - 7,2016,Florida,7,182039,Stephanie Murphy,democrat,353655,FL
FL - 8,2016,Florida,8,246483,Bill Posey,republican,390561,FL
FL - 9,2016,Florida,9,195311,Darren Soto,democrat,339761,FL
GA - 1,2016,Georgia,1,210243,Earl L. Buddy Carter,republican,211112,GA
GA - 10,2016,Georgia,10,243725,Jody B. Hice,republican,244821,GA
GA - 11,2016,Georgia,11,217935,Barry Loudermilk,republican,323318,GA
GA - 12,2016,Georgia,12,159492,Rick W. Allen,republican,258912,GA
GA - 13,2016,Georgia,13,252833,David Scott,democrat,252833,GA
GA - 14,2016,Georgia,14,216743,Tom Graves,republican,216743,GA
GA - 2,2016,Georgia,2,148543,"Sanford D. Bishop, Jr.",democrat,242599,GA
GA - 3,2016,Georgia,3,207218,Drew Ferguson,republican,303187,GA
GA - 4,2016,Georgia,4,220146,"Henry C. Hank Johnson, Jr.",democrat,290739,GA
GA - 5,2016,Georgia,5,253781,John Lewis,democrat,300549,GA
GA - 6,2016,Georgia,6,201088,Tom Price,republican,326005,GA
GA - 7,2016,Georgia,7,174081,Rob Woodall,republican,288301,GA
GA - 8,2016,Georgia,8,173983,Austin Scott,republican,257208,GA
GA - 9,2016,Georgia,9,256535,Doug Collins,republican,256535,GA
HI - 1,2016,Hawaii,1,145417,Colleen Wakako Hanabusa,democrat,213531,HI
HI - 2,2016,Hawaii,2,170848,Tulsi Gabbard,democrat,224133,HI
IA - 1,2016,Iowa,1,206903,Rod Blum,republican,384977,IA
IA - 2,2016,Iowa,2,198571,David Loebsack,democrat,370032,IA
IA - 3,2016,Iowa,3,208598,David Young,republican,390287,IA
IA - 4,2016,Iowa,4,226719,Steve King,republican,370259,IA
ID - 1,2016,Idaho,1,242252,Ra_l R. Labrador,republican,355357,ID
ID - 2,2016,Idaho,2,205292,Michael K. Simpson,republican,326237,ID
IL - 1,2016,Illinois,1,234037,Bobby L. Rush,democrat,315862,IL
IL - 10,2016,Illinois,10,150435,Brad Schneider,democrat,285996,IL
IL - 11,2016,Illinois,11,166578,Bill Foster,democrat,275573,IL
IL - 12,2016,Illinois,12,169976,Mike Bost,republican,313002,IL
IL - 13,2016,Illinois,13,187583,Rodney Davis,republican,314394,IL
IL - 14,2016,Illinois,14,200508,Randy Hultgren,republican,338097,IL
IL - 15,2016,Illinois,15,274554,John Shimkus,republican,274554,IL
IL - 16,2016,Illinois,16,259722,Adam Kinzinger,republican,259853,IL
IL - 17,2016,Illinois,17,173125,Cheri Bustos,democrat,287068,IL
IL - 18,2016,Illinois,18,250506,Darin LaHood,republican,347283,IL
IL - 2,2016,Illinois,2,235051,Robin L. Kelly,democrat,294522,IL
IL - 3,2016,Illinois,3,225320,Daniel Lipinski,democrat,225411,IL
IL - 4,2016,Illinois,4,171297,Luis V. Guti_rrez,democrat,171297,IL
IL - 5,2016,Illinois,5,212842,Mike Quigley,democrat,313724,IL
IL - 6,2016,Illinois,6,208555,Peter J. Roskam,republican,352146,IL
IL - 7,2016,Illinois,7,250584,Danny K. Davis,democrat,297466,IL
IL - 8,2016,Illinois,8,144954,Raja Krishnamoorthi,democrat,248571,IL
IL - 9,2016,Illinois,9,217306,Janice D. Schakowsky,democrat,326948,IL
IN - 1,2016,Indiana,1,207515,Peter J. Visclosky,democrat,254583,IN
IN - 2,2016,Indiana,2,164355,Jackie Walorski,republican,277357,IN
IN - 3,2016,Indiana,3,201396,Jim Banks,republican,287247,IN
IN - 4,2016,Indiana,4,193412,Todd Rokita,republican,299434,IN
IN - 5,2016,Indiana,5,221957,Susan W. Brooks,republican,361135,IN
IN - 6,2016,Indiana,6,204920,Luke Messer,republican,296385,IN
IN - 7,2016,Indiana,7,158739,Andr_ Carson,democrat,264670,IN
IN - 8,2016,Indiana,8,187702,Larry Bucshon,republican,294713,IN
IN - 9,2016,Indiana,9,174791,Trey Hollingsworth,republican,322843,IN
KS - 1,2016,Kansas,1,169992,Roger Marshall,republican,257971,KS
KS - 2,2016,Kansas,2,181228,Lynn Jenkins,republican,297401,KS
KS - 3,2016,Kansas,3,176022,Kevin Yoder,republican,343113,KS
KS - 4,2016,Kansas,4,166998,Mike Pompeo,republican,275251,KS
KY - 1,2016,Kentucky,1,216959,James R. Comer,republican,299001,KY
KY - 2,2016,Kentucky,2,251825,Brett Guthrie,republican,251825,KY
KY - 3,2016,Kentucky,3,212401,John A. Yarmuth,democrat,334494,KY
KY - 4,2016,Kentucky,4,233922,Thomas Massie,republican,327987,KY
KY - 5,2016,Kentucky,5,221242,Harold Rogers,republican,221242,KY
KY - 6,2016,Kentucky,6,202099,Andy Barr,republican,330827,KY
LA - 1,2016,Louisiana,1,243645,Steve Scalise,republican,326788,LA
LA - 2,2016,Louisiana,2,198289,Cedric L. Richmond,democrat,284269,LA
LA - 3,2016,Louisiana,3,77671,Clay Higgins,republican,282443,LA
LA - 4,2016,Louisiana,4,87370,Mike Johnson,republican,268761,LA
LA - 5,2016,Louisiana,5,208545,Ralph Lee Abraham,republican,255662,LA
LA - 6,2016,Louisiana,6,207483,Garret Graves,republican,331098,LA
MA - 1,2016,Massachusetts,1,235803,Richard E. Neal,democrat,349676,MA
MA - 2,2016,Massachusetts,2,275487,James P. McGovern,democrat,363197,MA
MA - 3,2016,Massachusetts,3,236713,Niki Tsongas,democrat,360124,MA
MA - 4,2016,Massachusetts,4,265823,Joseph P. Kennedy III,democrat,395304,MA
MA - 5,2016,Massachusetts,5,285606,Katherine M. Clark,democrat,385455,MA
MA - 6,2016,Massachusetts,6,308923,Seth Moulton,democrat,415749,MA
MA - 7,2016,Massachusetts,7,253354,Michael E. Capuano,democrat,309645,MA
MA - 8,2016,Massachusetts,8,271019,Stephen F. Lynch,democrat,396009,MA
MA - 9,2016,Massachusetts,9,211790,William R. Keating,democrat,403642,MA
MD - 1,2016,Maryland,1,242574,Andy Harris,republican,362097,MD
MD - 2,2016,Maryland,2,192183,C. A. Dutch Ruppersberger,democrat,309480,MD
MD - 3,2016,Maryland,3,214640,John P. Sarbanes,democrat,339675,MD
MD - 4,2016,Maryland,4,237501,Anthony G. Brown,democrat,320650,MD
MD - 5,2016,Maryland,5,242989,Steny H. Hoyer,democrat,360634,MD
MD - 6,2016,Maryland,6,185770,John K. Delaney,democrat,331973,MD
MD - 7,2016,Maryland,7,238838,Elijah E. Cummings,democrat,318912,MD
MD - 8,2016,Maryland,8,220657,Jamie Raskin,democrat,364324,MD
ME - 1,2016,Maine,1,227546,Chellie Pingree,democrat,406942,ME
ME - 2,2016,Maine,2,192878,Bruce Poliquin,republican,364886,ME
MI - 1,2016,Michigan,1,197777,Jack Bergman,republican,360271,MI
MI - 10,2016,Michigan,10,215132,Paul Mitchell,republican,340983,MI
MI - 11,2016,Michigan,11,200872,David A. Trott,republican,379488,MI
MI - 12,2016,Michigan,12,211378,Debbie Dingell,democrat,328542,MI
MI - 13,2016,Michigan,13,198771,"John Conyers, Jr.",democrat,257797,MI
MI - 14,2016,Michigan,14,244135,Brenda L. Lawrence,democrat,310974,MI
MI - 2,2016,Michigan,2,212508,Bill Huizenga,republican,339328,MI
MI - 3,2016,Michigan,3,203545,Justin Amash,republican,342365,MI
MI - 4,2016,Michigan,4,194572,John R. Moolenaar,republican,315751,MI
MI - 5,2016,Michigan,5,195279,Daniel T. Kildee,democrat,319291,MI
MI - 6,2016,Michigan,6,193259,Fred Upton,republican,329565,MI
MI - 7,2016,Michigan,7,184321,Tim Walberg,republican,334807,MI
MI - 8,2016,Michigan,8,205629,Mike Bishop,republican,366968,MI
MI - 9,2016,Michigan,9,199661,Sander M. Levin,democrat,344775,MI
MN - 1,2016,Minnesota,1,169071,Timothy J. Walz,democrat,335873,MN
MN - 2,2016,Minnesota,2,173970,Jason Lewis,republican,370515,MN
MN - 3,2016,Minnesota,3,223075,Erik Paulsen,republican,393457,MN
MN - 4,2016,Minnesota,4,203299,Betty McCollum,democrat,351945,MN
MN - 5,2016,Minnesota,5,249957,Keith Ellison,democrat,361875,MN
MN - 6,2016,Minnesota,6,235385,Tom Emmer,republican,358930,MN
MN - 7,2016,Minnesota,7,173572,Collin C. Peterson,democrat,330823,MN
MN - 8,2016,Minnesota,8,179097,Richard M. Nolan,democrat,356971,MN
MO - 1,2016,Missouri,1,236993,Wm. Lacy Clay,democrat,314024,MO
MO - 2,2016,Missouri,2,241954,Ann Wagner,republican,413296,MO
MO - 3,2016,Missouri,3,249865,Blaine Luetkemeyer,republican,368333,MO
MO - 4,2016,Missouri,4,225348,Vicky Hartzler,republican,332234,MO
MO - 5,2016,Missouri,5,190766,Emanuel Cleaver,democrat,324270,MO
MO - 6,2016,Missouri,6,238388,Sam Graves,republican,350444,MO
MO - 7,2016,Missouri,7,228692,Billy Long,republican,338607,MO
MO - 8,2016,Missouri,8,229792,Jason Smith,republican,308871,MO
MS - 1,2016,Mississippi,1,206455,Trent Kelly,republican,300423,MS
MS - 2,2016,Mississippi,2,192343,Bennie G. Thompson,democrat,286626,MS
MS - 3,2016,Mississippi,3,209490,Gregg Harper,republican,316445,MS
MS - 4,2016,Mississippi,4,181323,Steven M. Palazzo,republican,278779,MS
MT - 0,2016,Montana,0,285358,Ryan K. Zinke,republican,507831,MT
NC - 1,2016,North Carolina,1,240661,G. K. Butterfield,democrat,350699,NC
NC - 10,2016,North Carolina,10,220825,Patrick T. McHenry,republican,349744,NC
NC - 11,2016,North Carolina,11,230405,Mark Meadows,republican,359508,NC
NC - 12,2016,North Carolina,12,234115,Alma S. Adams,democrat,349300,NC
NC - 13,2016,North Carolina,13,199443,Ted Budd,republican,355492,NC
NC - 2,2016,North Carolina,2,221485,George Holding,republican,390567,NC
NC - 3,2016,North Carolina,3,217531,Walter B. Jones,republican,323701,NC
NC - 4,2016,North Carolina,4,279380,David E. Price,democrat,409541,NC
NC - 5,2016,North Carolina,5,207625,Virginia Foxx,republican,355512,NC
NC - 6,2016,North Carolina,6,207983,Mark Walker,republican,351150,NC
NC - 7,2016,North Carolina,7,211801,David Rouzer,republican,347706,NC
NC - 8,2016,North Carolina,8,189863,Richard Hudson,republican,323045,NC
NC - 9,2016,North Carolina,9,193452,Robert Pittenger,republican,332493,NC
ND - 0,2016,North Dakota,0,233980,Kevin Cramer,republican,338459,ND
NE - 1,2016,Nebraska,1,189771,Jeff Fortenberry,republican,273238,NE
NE - 2,2016,Nebraska,2,141066,Don Bacon,republican,288308,NE
NE - 3,2016,Nebraska,3,226720,Adrian Smith,republican,226720,NE
NH - 1,2016,New Hampshire,1,162080,Carol Shea-Porter,democrat,365984,NH
NH - 2,2016,New Hampshire,2,174371,Ann M. Kuster,democrat,350509,NH
NJ - 1,2016,New Jersey,1,183231,Donald Norcross,democrat,305473,NJ
NJ - 10,2016,New Jersey,10,190856,"Donald M. Payne, Jr.",democrat,222771,NJ
NJ - 11,2016,New Jersey,11,194299,Rodney P. Frelinghuysen,republican,334992,NJ
NJ - 12,2016,New Jersey,12,181430,Bonnie Watson Coleman,democrat,288634,NJ
NJ - 2,2016,New Jersey,2,176338,Frank A. LoBiondo,republican,297795,NJ
NJ - 3,2016,New Jersey,3,194596,Thomas MacArthur,republican,328060,NJ
NJ - 4,2016,New Jersey,4,211992,Christopher H. Smith,republican,332684,NJ
NJ - 5,2016,New Jersey,5,172587,Joshua S. Gottheimer,democrat,337701,NJ
NJ - 6,2016,New Jersey,6,167895,"Frank Pallone, Jr.",democrat,263435,NJ
NJ - 7,2016,New Jersey,7,185850,Leonard Lance,republican,343635,NJ
NJ - 8,2016,New Jersey,8,134733,Albio Sires,democrat,174889,NJ
NJ - 9,2016,New Jersey,9,162642,"Bill Pascrell, Jr.",democrat,233242,NJ
NM - 1,2016,New Mexico,1,181088,Michelle Lujan Grisham,democrat,277967,NM
NM - 2,2016,New Mexico,2,143515,Stevan Pearce,republican,228817,NM
NM - 3,2016,New Mexico,3,170612,Ben Ray Luj_n,democrat,273342,NM
NV - 1,2016,Nevada,1,116537,Dina Titus,democrat,188352,NV
NV - 2,2016,Nevada,2,182676,Mark E. Amodei,republican,313336,NV
NV - 3,2016,Nevada,3,146869,Jacky Rosen,democrat,310963,NV
NV - 4,2016,Nevada,4,128985,Ruben Kihuen,democrat,265846,NV
NY - 1,2016,New York,1,158409,Lee M. Zeldin,republican,341554,NY
NY - 10,2016,New York,10,180117,Jerrold Nadler,democrat,266516,NY
NY - 11,2016,New York,11,122606,Daniel M. Donovan Jr.,republican,251718,NY
NY - 12,2016,New York,12,230153,Carolyn B. Maloney,democrat,312289,NY
NY - 13,2016,New York,13,207194,Adriano Espaillat,democrat,255239,NY
NY - 14,2016,New York,14,138367,Joseph Crowley,democrat,197301,NY
NY - 15,2016,New York,15,165688,Jos_ E. Serrano,democrat,193703,NY
NY - 16,2016,New York,16,198811,Eliot L. Engel,democrat,287556,NY
NY - 17,2016,New York,17,193819,Nita M. Lowey,democrat,325571,NY
NY - 18,2016,New York,18,140951,Sean Patrick Maloney,democrat,319123,NY
NY - 19,2016,New York,19,135905,John J. Faso,republican,326588,NY
NY - 2,2016,New York,2,157571,Peter T. King,republican,317552,NY
NY - 20,2016,New York,20,188428,Paul Tonko,democrat,332499,NY
NY - 21,2016,New York,21,152597,Elise M. Stefanik,republican,288611,NY
NY - 22,2016,New York,22,113287,Claudia Tenney,republican,296086,NY
NY - 23,2016,New York,23,136964,Tom Reed,republican,296198,NY
NY - 24,2016,New York,24,150330,John Katko,republican,315429,NY
NY - 25,2016,New York,25,168660,Louise McIntosh Slaughter,democrat,336386,NY
NY - 26,2016,New York,26,195322,Brian Higgins,democrat,310819,NY
NY - 27,2016,New York,27,175509,Chris Collins,republican,354426,NY
NY - 3,2016,New York,3,171775,Thomas R. Suozzi,democrat,350966,NY
NY - 4,2016,New York,4,181861,Kathleen M. Rice,democrat,343179,NY
NY - 5,2016,New York,5,197852,Gregory W. Meeks,democrat,249236,NY
NY - 6,2016,New York,6,131463,Grace Meng,democrat,210378,NY
NY - 7,2016,New York,7,165819,Nydia M. Vel_quez,democrat,206983,NY
NY - 8,2016,New York,8,203235,Hakeem S. Jeffries,democrat,257602,NY
NY - 9,2016,New York,9,198886,Yvette D. Clarke,democrat,256853,NY
OH - 1,2016,Ohio,1,210014,Steve Chabot,republican,354788,OH
OH - 10,2016,Ohio,10,215724,Michael R. Turner,republican,336602,OH
OH - 11,2016,Ohio,11,242917,Marcia L. Fudge,democrat,302686,OH
OH - 12,2016,Ohio,12,251266,Patrick J. Tiberi,republican,377534,OH
OH - 13,2016,Ohio,13,208610,Tim Ryan,democrat,308004,OH
OH - 14,2016,Ohio,14,219191,David P. Joyce,republican,350269,OH
OH - 15,2016,Ohio,15,222847,Steve Stivers,republican,336807,OH
OH - 16,2016,Ohio,16,225794,James B. Renacci,republican,345624,OH
OH - 2,2016,Ohio,2,221193,Brad R. Wenstrup,republican,340279,OH
OH - 3,2016,Ohio,3,199791,Joyce Beatty,democrat,291351,OH
OH - 4,2016,Ohio,4,210227,Jim Jordan,republican,309208,OH
OH - 5,2016,Ohio,5,244599,Robert E. Latta,republican,344991,OH
OH - 6,2016,Ohio,6,213975,Bill Johnson,republican,302755,OH
OH - 7,2016,Ohio,7,198221,Bob Gibbs,republican,309553,OH
OH - 8,2016,Ohio,8,223833,Warren Davidson,republican,325506,OH
OH - 9,2016,Ohio,9,193966,Marcy Kaptur,democrat,282398,OH
OK - 1,2016,Oklahoma,1,1,Jim Bridenstine,republican,1,OK
OK - 2,2016,Oklahoma,2,189839,Markwayne Mullin,republican,268870,OK
OK - 3,2016,Oklahoma,3,227525,Frank D. Lucas,republican,290615,OK
OK - 4,2016,Oklahoma,4,204143,Tom Cole,republican,293189,OK
OK - 5,2016,Oklahoma,5,160184,Steve Russell,republican,280570,OK
OR - 1,2016,Oregon,1,225391,Suzanne Bonamici,democrat,378095,OR
OR - 2,2016,Oregon,2,272952,Greg Walden,republican,380739,OR
OR - 3,2016,Oregon,3,274687,Earl Blumenauer,democrat,382355,OR
OR - 4,2016,Oregon,4,220628,Peter A. DeFazio,democrat,397568,OR
OR - 5,2016,Oregon,5,199505,Kurt Schrader,democrat,373108,OR
PA - 1,2016,Pennsylvania,1,245791,Robert A. Brady,democrat,299010,PA
PA - 10,2016,Pennsylvania,10,211282,Tom Marino,republican,301105,PA
PA - 11,2016,Pennsylvania,11,199421,Lou Barletta,republican,313221,PA
PA - 12,2016,Pennsylvania,12,221851,Keith J. Rothfus,republican,359204,PA
PA - 13,2016,Pennsylvania,13,239316,Brendan F. Boyle,democrat,239316,PA
PA - 14,2016,Pennsylvania,14,255293,Michael F. Doyle,democrat,343292,PA
PA - 15,2016,Pennsylvania,15,190618,Charles W. Dent,republican,326474,PA
PA - 16,2016,Pennsylvania,16,168669,Lloyd K. Smucker,republican,313773,PA
PA - 17,2016,Pennsylvania,17,157734,Matt Cartwright,democrat,293164,PA
PA - 18,2016,Pennsylvania,18,293684,Tim Murphy,republican,293684,PA
PA - 2,2016,Pennsylvania,2,322514,Dwight Evans,democrat,357645,PA
PA - 3,2016,Pennsylvania,3,244893,Mike Kelly,republican,244893,PA
PA - 4,2016,Pennsylvania,4,220628,Scott Perry,republican,334000,PA
PA - 5,2016,Pennsylvania,5,206761,Glenn Thompson,republican,307843,PA
PA - 6,2016,Pennsylvania,6,207469,Ryan A. Costello,republican,362469,PA
PA - 7,2016,Pennsylvania,7,225678,Patrick Meehan,republican,379502,PA
PA - 8,2016,Pennsylvania,8,207263,Brian Fitzpatrick,republican,380818,PA
PA - 9,2016,Pennsylvania,9,186580,Bill Shuster,republican,294565,PA
RI - 1,2016,Rhode Island,1,130534,David N. Cicilline,democrat,202371,RI
RI - 2,2016,Rhode Island,2,133108,James R. Langevin,democrat,229148,RI
SC - 1,2016,South Carolina,1,190410,Mark Sanford,republican,325170,SC
SC - 2,2016,South Carolina,2,183746,Joe Wilson,republican,304996,SC
SC - 3,2016,South Carolina,3,196325,Jeff Duncan,republican,269540,SC
SC - 4,2016,South Carolina,4,198648,Trey Gowdy,republican,295670,SC
SC - 5,2016,South Carolina,5,161669,Mick Mulvaney,republican,273006,SC
SC - 6,2016,South Carolina,6,177947,James E. Clyburn,democrat,253901,SC
SC - 7,2016,South Carolina,7,176468,Tom Rice,republican,289463,SC
SD - 0,2016,South Dakota,0,237163,Kristi L. Noem,republican,369973,SD
TN - 1,2016,Tennessee,1,198293,David P. Roe,republican,253025,TN
TN - 2,2016,Tennessee,2,212455,John J. Duncan JR.,republican,280856,TN
TN - 3,2016,Tennessee,3,176613,Charles J. Chuck Fleischmann,republican,266006,TN
TN - 4,2016,Tennessee,4,165796,Scott DesJarlais,republican,254937,TN
TN - 5,2016,Tennessee,5,171111,Jim Cooper,democrat,273544,TN
TN - 6,2016,Tennessee,6,202234,Diane Black,republican,284490,TN
TN - 7,2016,Tennessee,7,200407,Marsha Blackburn,republican,277513,TN
TN - 8,2016,Tennessee,8,194386,David Kustoff,republican,282733,TN
TN - 9,2016,Tennessee,9,171631,Steve Cohen,democrat,217957,TN
TX - 1,2016,Texas,1,192434,Louie Gohmert,republican,260409,TX
TX - 10,2016,Texas,10,179221,Michael T. McCaul,republican,312600,TX
TX - 11,2016,Texas,11,201871,K. Michael Conaway,republican,225548,TX
TX - 12,2016,Texas,12,196482,Kay Granger,republican,283115,TX
TX - 13,2016,Texas,13,199050,Mac Thornberry,republican,221242,TX
TX - 14,2016,Texas,14,160631,Randy K. Weber Sr.,republican,259685,TX
TX - 15,2016,Texas,15,101712,Vicente Gonzalez,democrat,177479,TX
TX - 16,2016,Texas,16,150228,Beto ORourke,democrat,175229,TX
TX - 17,2016,Texas,17,149417,Bill Flores,republican,245728,TX
TX - 18,2016,Texas,18,150157,Sheila Jackson Lee,democrat,204308,TX
TX - 19,2016,Texas,19,176314,Jodey Arrington,republican,203475,TX
TX - 2,2016,Texas,2,168692,Ted Poe,republican,278236,TX
TX - 20,2016,Texas,20,149640,Joaquin Castro,democrat,187669,TX
TX - 21,2016,Texas,21,202967,Lamar Smith,republican,356031,TX
TX - 22,2016,Texas,22,181864,Pete Olson,republican,305543,TX
TX - 23,2016,Texas,23,110577,Will Hurd,republican,228965,TX
TX - 24,2016,Texas,24,154845,Kenny Marchant,republican,275635,TX
TX - 25,2016,Texas,25,180988,Roger Williams,republican,310196,TX
TX - 26,2016,Texas,26,211730,Michael C. Burgess,republican,319080,TX
TX - 27,2016,Texas,27,142251,Blake Farenthold,republican,230580,TX
TX - 28,2016,Texas,28,122086,Henry Cuellar,democrat,184442,TX
TX - 29,2016,Texas,29,95649,Gene Green,democrat,131982,TX
TX - 3,2016,Texas,3,193684,Sam Johnson,republican,316467,TX
TX - 30,2016,Texas,30,170502,Eddie Bernice Johnson,democrat,218826,TX
TX - 31,2016,Texas,31,166060,John R. Carter,republican,284588,TX
TX - 32,2016,Texas,32,162868,Pete Sessions,republican,229171,TX
TX - 33,2016,Texas,33,93147,Marc A. Veasey,democrat,126369,TX
TX - 34,2016,Texas,34,104638,Filemon Vela,democrat,166961,TX
TX - 35,2016,Texas,35,124612,Lloyd Doggett,democrat,197576,TX
TX - 36,2016,Texas,36,193675,Brian Babin,republican,218565,TX
TX - 4,2016,Texas,4,216643,John Ratcliffe,republican,246220,TX
TX - 5,2016,Texas,5,155469,Jeb Hensarling,republican,192875,TX
TX - 6,2016,Texas,6,159444,Joe Barton,republican,273296,TX
TX - 7,2016,Texas,7,143542,John Abney Culberson,republican,255533,TX
TX - 8,2016,Texas,8,236379,Kevin Brady,republican,236379,TX
TX - 9,2016,Texas,9,152032,Al Green,democrat,188523,TX
UT - 1,2016,Utah,1,182925,Rob Bishop,republican,277451,UT
UT - 2,2016,Utah,2,170524,Chris Stewart,republican,276819,UT
UT - 3,2016,Utah,3,209589,Jason Chaffetz,republican,285305,UT
UT - 4,2016,Utah,4,147597,Mia B. Love,republican,274569,UT
VA - 1,2016,Virginia,1,230213,Robert J. Wittman,republican,384601,VA
VA - 10,2016,Virginia,10,210791,Barbara Comstock,republican,400083,VA
VA - 11,2016,Virginia,11,247818,Gerald E. Connolly,democrat,282003,VA
VA - 2,2016,Virginia,2,190475,Scott W. Taylor,republican,310567,VA
VA - 3,2016,Virginia,3,208337,Robert C. Bobby Scott,democrat,312340,VA
VA - 4,2016,Virginia,4,200136,A. Donald McEachin,democrat,346656,VA
VA - 5,2016,Virginia,5,207758,Tom A. Garrett Jr.,republican,356756,VA
VA - 6,2016,Virginia,6,225471,Bob Goodlatte,republican,338409,VA
VA - 7,2016,Virginia,7,218057,Dave Brat,republican,379163,VA
VA - 8,2016,Virginia,8,246653,Donald S. Beyer Jr.,democrat,360676,VA
VA - 9,2016,Virginia,9,212838,H. Morgan Griffith,republican,310314,VA
VT - 0,2016,Vermont,0,264414,Peter Welch,democrat,320467,VT
WA - 1,2016,Washington,1,193619,Suzan K. DelBene,democrat,349398,WA
WA - 10,2016,Washington,10,170460,Denny Heck,democrat,290564,WA
WA - 2,2016,Washington,2,208314,Rick Larsen,democrat,325408,WA
WA - 3,2016,Washington,3,193457,Jaime Herrera Beutler,republican,313277,WA
WA - 4,2016,Washington,4,132517,Dan Newhouse,republican,229919,WA
WA - 5,2016,Washington,5,192959,Cathy McMorris Rodgers,republican,323534,WA
WA - 6,2016,Washington,6,201718,Derek Kilmer,democrat,327834,WA
WA - 7,2016,Washington,7,212010,Pramila Jayapal,democrat,378754,WA
WA - 8,2016,Washington,8,193145,David G. Reichert,republican,320865,WA
WA - 9,2016,Washington,9,205165,Adam Smith,democrat,281482,WA
WI - 1,2016,Wisconsin,1,230072,Paul D. Ryan,republican,354245,WI
WI - 2,2016,Wisconsin,2,273537,Mark Pocan,democrat,398060,WI
WI - 3,2016,Wisconsin,3,257401,Ron Kind,democrat,260370,WI
WI - 4,2016,Wisconsin,4,220181,Gwen Moore,democrat,286909,WI
WI - 5,2016,Wisconsin,5,260706,F. James Sensenbrenner Jr.,republican,390844,WI
WI - 6,2016,Wisconsin,6,204147,Glenn Grothman,republican,357183,WI
WI - 7,2016,Wisconsin,7,223418,Sean P. Duffy,republican,362271,WI
WI - 8,2016,Wisconsin,8,227892,Mike Gallagher,republican,363780,WI
WV - 1,2016,West Virginia,1,163469,David B. McKinley,republican,237003,WV
WV - 2,2016,West Virginia,2,140807,Alexander X. Mooney,republican,242014,WV
WV - 3,2016,West Virginia,3,140741,Evan H. Jenkins,republican,207332,WV
WY - 0,2016,Wyoming,0,156176,Liz Cheney,republican,258788,WY
AK - 0,2018,Alaska,0,149779,Don Young,republican,282166,AK
AL - 1,2018,Alabama,1,153228,Bradley Byrne,republican,242617,AL
AL - 2,2018,Alabama,2,138879,Martha Roby,republican,226230,AL
AL - 3,2018,Alabama,3,147770,Mike Rogers,republican,231915,AL
AL - 4,2018,Alabama,4,184255,Robert Aderholt,republican,230969,AL
AL - 5,2018,Alabama,5,159063,Mo Brooks,republican,260673,AL
AL - 6,2018,Alabama,6,192542,Gary Palmer,republican,278328,AL
AL - 7,2018,Alabama,7,185010,Terri Sewell,democrat,189163,AL
AR - 1,2018,Arkansas,1,138757,Rick Crawford,republican,201245,AR
AR - 2,2018,Arkansas,2,132125,French Hill,republican,253453,AR
AR - 3,2018,Arkansas,3,148717,Steve Womack,republican,229708,AR
AR - 4,2018,Arkansas,4,136740,Bruce Westerman,republican,204892,AR
AZ - 1,2018,Arizona,1,143240,Tom OHalleran,democrat,266089,AZ
AZ - 2,2018,Arizona,2,161000,Ann Kirkpatrick,democrat,294152,AZ
AZ - 3,2018,Arizona,3,114650,Raul Grijalva,democrat,179518,AZ
AZ - 4,2018,Arizona,4,188842,Paul Gosar,republican,277035,AZ
AZ - 5,2018,Arizona,5,186037,Andy Biggs,republican,313064,AZ
AZ - 6,2018,Arizona,6,173140,David Schweikert,republican,313699,AZ
AZ - 7,2018,Arizona,7,113044,Ruben Gallego,democrat,132051,AZ
AZ - 8,2018,Arizona,8,168835,Debbie Lesko,republican,304417,AZ
AZ - 9,2018,Arizona,9,159583,Greg Stanton,democrat,261245,AZ
CA - 1,2018,California,1,160046,Doug La Malfa,republican,291594,CA
CA - 10,2018,California,10,115945,Josh Harder,democrat,221900,CA
CA - 11,2018,California,11,204369,Mark DeSaulnier,democrat,275681,CA
CA - 12,2018,California,12,275292,Nancy Pelosi,democrat,317072,CA
CA - 13,2018,California,13,260580,Barbara Lee,democrat,294837,CA
CA - 14,2018,California,14,211384,Jackie Speier,democrat,266823,CA
CA - 15,2018,California,15,177989,Eric Swalwell,democrat,243929,CA
CA - 16,2018,California,16,82266,Jim Costa,democrat,142959,CA
CA - 17,2018,California,17,159105,Ro Khanna,democrat,211162,CA
CA - 18,2018,California,18,225142,Anna G. Eshoo,democrat,302238,CA
CA - 19,2018,California,19,162496,Zoe Lofgren,democrat,220319,CA
CA - 2,2018,California,2,243081,Jared Huffman,democrat,315657,CA
CA - 20,2018,California,20,183677,Jimmy Panetta,democrat,225721,CA
CA - 21,2018,California,21,57239,TJ Cox,democrat,113616,CA
CA - 22,2018,California,22,117243,Devin G. Nunes,republican,222379,CA
CA - 23,2018,California,23,131113,Kevin McCarthy,republican,205774,CA
CA - 24,2018,California,24,166550,Salud Carbajal,democrat,284431,CA
CA - 25,2018,California,25,133209,Katie Hill,democrat,245022,CA
CA - 26,2018,California,26,158216,Julia Brownley,democrat,255426,CA
CA - 27,2018,California,27,160504,Judy Chu,democrat,202636,CA
CA - 28,2018,California,28,196662,Adam B. Schiff,democrat,250934,CA
CA - 29,2018,California,29,124697,Tony Cardenas,democrat,154692,CA
CA - 3,2018,California,3,134875,John Garamendi,democrat,232251,CA
CA - 30,2018,California,30,191573,Brad Sherman,democrat,260993,CA
CA - 31,2018,California,31,110143,Pete Aguilar,democrat,187495,CA
CA - 32,2018,California,32,121759,Grace Flores Napolitano,democrat,177031,CA
CA - 33,2018,California,33,219091,Ted W. Lieu,democrat,312860,CA
CA - 34,2018,California,34,110195,Jimmy Gomez,democrat,151906,CA
CA - 35,2018,California,35,103420,Norma J. Torres,democrat,149024,CA
CA - 36,2018,California,36,122169,Raul Ruiz,democrat,207008,CA
CA - 37,2018,California,37,210555,Karen Bass,democrat,236378,CA
CA - 38,2018,California,38,139188,Linda T. Sanchez,democrat,202156,CA
CA - 39,2018,California,39,126002,Gil Cisneros,democrat,244393,CA
CA - 4,2018,California,4,184401,Tom McClintock,republican,340654,CA
CA - 40,2018,California,40,93938,Lucille Roybal-Allard,democrat,121449,CA
CA - 41,2018,California,41,108227,Mark Takano,democrat,166248,CA
CA - 42,2018,California,42,131040,Ken Calvert,republican,231932,CA
CA - 43,2018,California,43,152272,Maxine Waters,democrat,196052,CA
CA - 44,2018,California,44,97944,Nanette Diaz Barragan,democrat,143322,CA
CA - 45,2018,California,45,158906,Katie Porter,democrat,305289,CA
CA - 46,2018,California,46,102278,Lou Correa,democrat,147916,CA
CA - 47,2018,California,47,143354,Alan Lowenthal,democrat,221036,CA
CA - 48,2018,California,48,157837,Harley Rouda,democrat,294736,CA
CA - 49,2018,California,49,166453,Mike Levin,democrat,295030,CA
CA - 5,2018,California,5,205860,Mike Thompson,democrat,261018,CA
CA - 50,2018,California,50,134362,Duncan Hunter,republican,259810,CA
CA - 51,2018,California,51,109527,Juan Vargas,democrat,153828,CA
CA - 52,2018,California,52,188992,Scott Peters,democrat,296007,CA
CA - 53,2018,California,53,185667,Susan A. Davis,democrat,268794,CA
CA - 6,2018,California,6,162411,Doris Matsui,democrat,201939,CA
CA - 7,2018,California,7,155016,Ami Bera,democrat,281617,CA
CA - 8,2018,California,8,102415,Paul Cook,republican,170785,CA
CA - 9,2018,California,9,113414,Jerry McNerney,democrat,200763,CA
CO - 1,2018,Colorado,1,272886,Diana DeGette,democrat,369693,CO
CO - 2,2018,Colorado,2,259608,Joe Neguse,democrat,430614,CO
CO - 3,2018,Colorado,3,173205,Scott R. Tipton,republican,336189,CO
CO - 4,2018,Colorado,4,224038,Ken Buck,republican,369582,CO
CO - 5,2018,Colorado,5,184002,Doug Lamborn,republican,322645,CO
CO - 6,2018,Colorado,6,187639,Jason Crow,democrat,346817,CO
CO - 7,2018,Colorado,7,204260,Ed Perlmutter,democrat,338006,CO
CT - 1,2018,Connecticut,1,166155,John B Larson,democrat,274140,CT
CT - 2,2018,Connecticut,2,167659,Joe Courtney,democrat,289114,CT
CT - 3,2018,Connecticut,3,163211,Rosa L DeLauro,democrat,270239,CT
CT - 4,2018,Connecticut,4,168726,Jim Himes,democrat,275651,CT
CT - 5,2018,Connecticut,5,142901,Jahana Hayes,democrat,270664,CT
DE - 0,2018,Delaware,0,227353,Lisa Blunt Rochester,democrat,352737,DE
FL - 1,2018,Florida,1,216189,Matt Gaetz,republican,322388,FL
FL - 10,2018,Florida,10,1,Val Demings,democrat,1,FL
FL - 11,2018,Florida,11,239395,Daniel Webster,republican,367506,FL
FL - 12,2018,Florida,12,194564,Gus Michael Bilirakis,republican,334918,FL
FL - 13,2018,Florida,13,182717,Charlie Crist,democrat,316971,FL
FL - 14,2018,Florida,14,1,Kathy Castor,democrat,1,FL
FL - 15,2018,Florida,15,151380,Ross Spano,republican,285532,FL
FL - 16,2018,Florida,16,197483,Vern Buchanan,republican,361946,FL
FL - 17,2018,Florida,17,193326,Greg Steube,republican,310520,FL
FL - 18,2018,Florida,18,185905,Brian Mast,republican,342359,FL
FL - 19,2018,Florida,19,211465,Francis Rooney,republican,339607,FL
FL - 2,2018,Florida,2,199335,Neal Dunn,republican,295568,FL
FL - 20,2018,Florida,20,202659,Alcee L. Hastings,democrat,202824,FL
FL - 21,2018,Florida,21,1,Lois Frankel,democrat,1,FL
FL - 22,2018,Florida,22,184634,Ted Deutch,democrat,297683,FL
FL - 23,2018,Florida,23,161611,Debbie Wasserman Schultz,democrat,276366,FL
FL - 24,2018,Florida,24,1,Frederica Wilson,democrat,1,FL
FL - 25,2018,Florida,25,128672,Mario Diaz-Balart,republican,212845,FL
FL - 26,2018,Florida,26,119797,Debbie Mucarsel-Powell,democrat,235475,FL
FL - 27,2018,Florida,27,130743,Donna Shalala,democrat,252586,FL
FL - 3,2018,Florida,3,176616,Ted Yoho,republican,306496,FL
FL - 4,2018,Florida,4,248420,John H. Rutherford,republican,381249,FL
FL - 5,2018,Florida,5,180527,Al Lawson,democrat,270326,FL
FL - 6,2018,Florida,6,187891,Michael Waltz,republican,333649,FL
FL - 7,2018,Florida,7,183113,Stephanie Murphy,democrat,317398,FL
FL - 8,2018,Florida,8,218112,Bill Posey,republican,360527,FL
FL - 9,2018,Florida,9,172172,Darren Soto,democrat,296737,FL
GA - 1,2018,Georgia,1,144741,Earl L. Buddy Carter,republican,250683,GA
GA - 10,2018,Georgia,10,190396,Jody Hice,republican,302735,GA
GA - 11,2018,Georgia,11,191887,Barry Loudermilk,republican,310540,GA
GA - 12,2018,Georgia,12,148986,Rick W. Allen,republican,250489,GA
GA - 13,2018,Georgia,13,223157,David Scott,democrat,292917,GA
GA - 14,2018,Georgia,14,175743,Tom Graves,republican,229724,GA
GA - 2,2018,Georgia,2,136699,Sanford Bishop,democrat,229171,GA
GA - 3,2018,Georgia,3,191996,Drew Ferguson,republican,293006,GA
GA - 4,2018,Georgia,4,227717,Henry C Hank Johnson Jr,democrat,288809,GA
GA - 5,2018,Georgia,5,275406,John R. Lewis,democrat,275406,GA
GA - 6,2018,Georgia,6,160139,Lucy McBath,democrat,317014,GA
GA - 7,2018,Georgia,7,140430,Rob Woodall,republican,280441,GA
GA - 8,2018,Georgia,8,198152,Austin Scott,republican,198152,GA
GA - 9,2018,Georgia,9,224661,Doug Collins,republican,282573,GA
HI - 1,2018,Hawaii,1,134650,Ed Case,democrat,184211,HI
HI - 2,2018,Hawaii,2,153271,Tulsi Gabbard,democrat,198121,HI
IA - 1,2018,Iowa,1,170342,Abby Finkenauer,democrat,334243,IA
IA - 2,2018,Iowa,2,171446,Dave Loebsack,democrat,312913,IA
IA - 3,2018,Iowa,3,175642,Cindy Axne,democrat,356241,IA
IA - 4,2018,Iowa,4,157676,Steve King,republican,313251,IA
ID - 1,2018,Idaho,1,197719,Russ Fulcher,republican,315069,ID
ID - 2,2018,Idaho,2,170274,Mike Simpson,republican,280655,ID
IL - 1,2018,Illinois,1,189560,Bobby L. Rush,democrat,257885,IL
IL - 10,2018,Illinois,10,156540,Brad Schneider,democrat,238664,IL
IL - 11,2018,Illinois,11,145407,Bill Foster,democrat,227765,IL
IL - 12,2018,Illinois,12,134884,Mike Bost,republican,261543,IL
IL - 13,2018,Illinois,13,136516,Rodney Davis,republican,270981,IL
IL - 14,2018,Illinois,14,156035,Lauren Underwood,democrat,297199,IL
IL - 15,2018,Illinois,15,181294,John M. Shimkus,republican,255608,IL
IL - 16,2018,Illinois,16,151254,Adam Kinzinger,republican,255825,IL
IL - 17,2018,Illinois,17,142659,Cheri Bustos,democrat,229749,IL
IL - 18,2018,Illinois,18,195927,Darin Lahood,republican,291413,IL
IL - 2,2018,Illinois,2,190684,Robin Kelly,democrat,235251,IL
IL - 3,2018,Illinois,3,163053,Daniel William Lipinski,democrat,223334,IL
IL - 4,2018,Illinois,4,143895,Jesus \Chuy\ Garcia,democrat,166189,IL
IL - 5,2018,Illinois,5,213992,Mike Quigley,democrat,279131,IL
IL - 6,2018,Illinois,6,169001,Sean Casten,democrat,315446,IL
IL - 7,2018,Illinois,7,215746,Danny K. Davis,democrat,246243,IL
IL - 8,2018,Illinois,8,130054,Raja Krishnamoorthi,democrat,197127,IL
IL - 9,2018,Illinois,9,213368,Janice D. Schakowsky,democrat,290351,IL
IN - 1,2018,Indiana,1,159611,Peter J. Visclosky,democrat,245209,IN
IN - 2,2018,Indiana,2,125499,Jackie Walorski,republican,228889,IN
IN - 3,2018,Indiana,3,158927,Jim Banks,republican,245537,IN
IN - 4,2018,Indiana,4,156539,Jim Baird,republican,244363,IN
IN - 5,2018,Indiana,5,180035,Susan W. Brooks,republican,317177,IN
IN - 6,2018,Indiana,6,154260,Greg Pence,republican,241726,IN
IN - 7,2018,Indiana,7,141139,Andre D. Carson,democrat,217596,IN
IN - 8,2018,Indiana,8,157396,Larry D. Bucshon,republican,244291,IN
IN - 9,2018,Indiana,9,153271,Trey Hollingsworth,republican,271361,IN
KS - 1,2018,Kansas,1,153082,Roger Marshall,republican,224640,KS
KS - 2,2018,Kansas,2,126098,Steve Watkins,republican,264688,KS
KS - 3,2018,Kansas,3,170518,Sharice Davids,democrat,318301,KS
KS - 4,2018,Kansas,4,144248,Ron Estes,republican,242693,KS
KY - 1,2018,Kentucky,1,172167,James R. Comer,republican,251016,KY
KY - 2,2018,Kentucky,2,171700,S. Brett Guthrie,republican,257345,KY
KY - 3,2018,Kentucky,3,173002,John A. Yarmuth,democrat,278720,KY
KY - 4,2018,Kentucky,4,162946,Thomas Massie,republican,261812,KY
KY - 5,2018,Kentucky,5,172093,Harold Hal Rogers,republican,218017,KY
KY - 6,2018,Kentucky,6,154468,Andy Barr,republican,302888,KY
LA - 1,2018,Louisiana,1,192555,Steve Scalise,republican,269325,LA
LA - 2,2018,Louisiana,2,190182,Cedric Richmond,democrat,235982,LA
LA - 3,2018,Louisiana,3,136876,Clay Higgins,republican,245943,LA
LA - 4,2018,Louisiana,4,139326,Mike Johnson,republican,216872,LA
LA - 5,2018,Louisiana,5,149018,Ralph Abraham,republican,223946,LA
LA - 6,2018,Louisiana,6,186553,Garret Graves,republican,268525,LA
MA - 1,2018,Massachusetts,1,211790,Richard E. Neal,democrat,216900,MA
MA - 2,2018,Massachusetts,2,191332,James P. McGovern,democrat,284893,MA
MA - 3,2018,Massachusetts,3,173175,Lori Loureiro Trahan,democrat,279327,MA
MA - 4,2018,Massachusetts,4,245289,"Joseph P. Kennedy, III",democrat,251016,MA
MA - 5,2018,Massachusetts,5,236243,Katherine M. Clark,democrat,311324,MA
MA - 6,2018,Massachusetts,6,217703,Seth W. Moulton,democrat,333975,MA
MA - 7,2018,Massachusetts,7,216559,Ayanna S. Pressley,democrat,220411,MA
MA - 8,2018,Massachusetts,8,259159,Stephen F. Lynch,democrat,263307,MA
MA - 9,2018,Massachusetts,9,192347,Bill Keating,democrat,323928,MA
MD - 1,2018,Maryland,1,183662,Andy Harris,republican,306132,MD
MD - 2,2018,Maryland,2,167201,C.A. Dutch Ruppersberger,democrat,253302,MD
MD - 3,2018,Maryland,3,202407,John Sarbanes,democrat,292880,MD
MD - 4,2018,Maryland,4,209642,Anthony G. Brown,democrat,268583,MD
MD - 5,2018,Maryland,5,213796,Steny H. Hoyer,democrat,304209,MD
MD - 6,2018,Maryland,6,163346,David Trone,democrat,276974,MD
MD - 7,2018,Maryland,7,202345,Elijah Cummings,democrat,264710,MD
MD - 8,2018,Maryland,8,217679,Jamie Raskin,democrat,319330,MD
ME - 1,2018,Maine,1,201195,Chellie Pingree,democrat,342053,ME
ME - 2,2018,Maine,2,139231,Jared F. Golden,democrat,281371,ME
MI - 1,2018,Michigan,1,187251,Jack Bergman,republican,332497,MI
MI - 10,2018,Michigan,10,182808,Paul Mitchell,republican,303064,MI
MI - 11,2018,Michigan,11,181912,Haley Stevens,democrat,350901,MI
MI - 12,2018,Michigan,12,200588,Debbie Dingell,democrat,294628,MI
MI - 13,2018,Michigan,13,165355,Rashida Tlaib,democrat,196299,MI
MI - 14,2018,Michigan,14,214334,Brenda Lawrence,democrat,264994,MI
MI - 2,2018,Michigan,2,168970,Bill Huizenga,republican,305463,MI
MI - 3,2018,Michigan,3,169107,Justin Amash,republican,310740,MI
MI - 4,2018,Michigan,4,178510,John Moolenaar,republican,285050,MI
MI - 5,2018,Michigan,5,164502,Daniel T. Kildee,democrat,276413,MI
MI - 6,2018,Michigan,6,147436,Fred Upton,republican,293438,MI
MI - 7,2018,Michigan,7,158730,Tim Walberg,republican,295060,MI
MI - 8,2018,Michigan,8,172880,Elissa Slotkin,democrat,341593,MI
MI - 9,2018,Michigan,9,181734,Andy Levin,democrat,304563,MI
MN - 1,2018,Minnesota,1,146200,Jim Hagedorn,republican,291661,MN
MN - 2,2018,Minnesota,2,177958,Angie Craig,democrat,337968,MN
MN - 3,2018,Minnesota,3,202404,Dean Phillips,democrat,363949,MN
MN - 4,2018,Minnesota,4,216865,Betty McCollum,democrat,328614,MN
MN - 5,2018,Minnesota,5,267703,Ilhan Omar,democrat,343358,MN
MN - 6,2018,Minnesota,6,192931,Tom Emmer,republican,315726,MN
MN - 7,2018,Minnesota,7,146672,Collin C. Peterson,democrat,281509,MN
MN - 8,2018,Minnesota,8,159364,Pete Stauber,republican,314211,MN
MO - 1,2018,Missouri,1,219781,Lacy Clay,democrat,274375,MO
MO - 2,2018,Missouri,2,192477,Ann Wagner,republican,376066,MO
MO - 3,2018,Missouri,3,211243,Blaine Luetkemeyer,republican,324608,MO
MO - 4,2018,Missouri,4,190138,Vicky Hartzler,republican,293316,MO
MO - 5,2018,Missouri,5,175019,"Emanuel Cleaver, II",democrat,283785,MO
MO - 6,2018,Missouri,6,199796,Sam Graves,republican,305409,MO
MO - 7,2018,Missouri,7,196343,Billy Long,republican,296455,MO
MO - 8,2018,Missouri,8,194042,Jason Smith,republican,264399,MO
MS - 1,2018,Mississippi,1,158245,Trent Kelly,republican,236521,MS
MS - 2,2018,Mississippi,2,158921,Bennie G. Thompson,democrat,221379,MS
MS - 3,2018,Mississippi,3,160284,Michael Guest,republican,257271,MS
MS - 4,2018,Mississippi,4,152633,Steven Palazzo,republican,223732,MS
MT - 0,2018,Montana,0,256661,Greg Gianforte,republican,504421,MT
NC - 1,2018,North Carolina,1,190457,G. K. Butterfield,democrat,272675,NC
NC - 10,2018,North Carolina,10,164969,Patrick McHenry,republican,278228,NC
NC - 11,2018,North Carolina,11,178012,Mark Meadows,republican,300666,NC
NC - 12,2018,North Carolina,12,203974,Alma Adams,democrat,279138,NC
NC - 13,2018,North Carolina,13,147570,Ted Budd,republican,286316,NC
NC - 2,2018,North Carolina,2,170072,George Holding,republican,331704,NC
NC - 3,2018,North Carolina,3,187901,Walter B. Jones,republican,187901,NC
NC - 4,2018,North Carolina,4,247067,David Price,democrat,341403,NC
NC - 5,2018,North Carolina,5,159917,Virginia Foxx,republican,280385,NC
NC - 6,2018,North Carolina,6,160709,B. Mark Walker,republican,284360,NC
NC - 7,2018,North Carolina,7,156809,David Rouzer,republican,282312,NC
NC - 8,2018,North Carolina,8,141402,Richard Hudson,republican,255521,NC
NC - 9,2018,North Carolina,9,139246,Mark Harris,republican,282717,NC
ND - 0,2018,North Dakota,0,193568,Kelly Armstrong,republican,321532,ND
NE - 1,2018,Nebraska,1,141712,Jeff Fortenberry,republican,234781,NE
NE - 2,2018,Nebraska,2,126715,Don Bacon,republican,248485,NE
NE - 3,2018,Nebraska,3,163650,Adrian Smith,republican,213304,NE
NH - 1,2018,New Hampshire,1,155884,Chris Pappas,democrat,291039,NH
NH - 2,2018,New Hampshire,2,155358,Anne McLane Kuster,democrat,279705,NH
NJ - 1,2018,New Jersey,1,169628,Donald W. Norcross,democrat,263418,NJ
NJ - 10,2018,New Jersey,10,175253,Donald M. Payne Jr.,democrat,200159,NJ
NJ - 11,2018,New Jersey,11,183684,Mikie Sherrill,democrat,323574,NJ
NJ - 12,2018,New Jersey,12,173334,Bonnie Watson Coleman,democrat,252375,NJ
NJ - 2,2018,New Jersey,2,136685,Jeff Van Drew,democrat,258363,NJ
NJ - 3,2018,New Jersey,3,153473,Andy Kim,democrat,306875,NJ
NJ - 4,2018,New Jersey,4,163065,Christopher H. Smith,republican,294348,NJ
NJ - 5,2018,New Jersey,5,169546,Josh Gottheimer,democrat,301823,NJ
NJ - 6,2018,New Jersey,6,140752,Frank Pallone Jr.,democrat,221195,NJ
NJ - 7,2018,New Jersey,7,166985,Tom Malinowski,democrat,322742,NJ
NJ - 8,2018,New Jersey,8,119881,Albio Sires,democrat,153455,NJ
NJ - 9,2018,New Jersey,9,140832,Bill Pascrell Jr.,democrat,200416,NJ
NM - 1,2018,New Mexico,1,147336,Debra A Haaland,democrat,249162,NM
NM - 2,2018,New Mexico,2,101489,Xochitl Torres Small,democrat,199256,NM
NM - 3,2018,New Mexico,3,155201,Ben R Lujan,democrat,244893,NM
NV - 1,2018,Nevada,1,100707,Dina Titus,democrat,152201,NV
NV - 2,2018,Nevada,2,167435,Mark E. Amodei,republican,287537,NV
NV - 3,2018,Nevada,3,148501,Susie Lee,democrat,286168,NV
NV - 4,2018,Nevada,4,121962,Steven A. Horsford,democrat,234868,NV
NY - 1,2018,New York,1,124213,Perry Gershon,democrat,270053,NY
NY - 10,2018,New York,10,162131,Jerrold L. Nadler,democrat,210958,NY
NY - 11,2018,New York,11,96850,Max N. Rose,democrat,192173,NY
NY - 12,2018,New York,12,205858,Carolyn B. Maloney,democrat,251877,NY
NY - 13,2018,New York,13,171341,Adriano Espaillat,democrat,190688,NY
NY - 14,2018,New York,14,110318,Alexandria Ocasio-Cortez,democrat,141204,NY
NY - 15,2018,New York,15,122007,Jose E. Serrano,democrat,129751,NY
NY - 16,2018,New York,16,172815,Eliot L. Engel,democrat,183356,NY
NY - 17,2018,New York,17,159923,Nita M. Lowey,democrat,193841,NY
NY - 18,2018,New York,18,126368,Sean Patrick Maloney,democrat,251690,NY
NY - 19,2018,New York,19,135582,Antonio Delgado,democrat,287986,NY
NY - 2,2018,New York,2,112565,Peter T. King,republican,241217,NY
NY - 20,2018,New York,20,161330,Paul D. Tonko,democrat,266014,NY
NY - 21,2018,New York,21,116433,Elise M. Stefanik,republican,235267,NY
NY - 22,2018,New York,22,116001,Anthony J. Brindisi,democrat,251212,NY
NY - 23,2018,New York,23,114722,"Thomas W. Reed, II",republican,240374,NY
NY - 24,2018,New York,24,115902,Dana Balter,democrat,260477,NY
NY - 25,2018,New York,25,147979,Joseph D. Morelle,democrat,270120,NY
NY - 26,2018,New York,26,156968,Brian Higgins,democrat,230663,NY
NY - 27,2018,New York,27,128167,Nathan D. McMurray,democrat,285300,NY
NY - 3,2018,New York,3,149937,Thomas R. Suozzi,democrat,267062,NY
NY - 4,2018,New York,4,156728,Kathleen M. Rice,democrat,260206,NY
NY - 5,2018,New York,5,160500,Gregory W. Meeks,democrat,161471,NY
NY - 6,2018,New York,6,104293,Grace Meng,democrat,123421,NY
NY - 7,2018,New York,7,134125,Nydia M. Velazquez,democrat,157302,NY
NY - 8,2018,New York,8,170850,Hakeem S. Jeffries,democrat,191567,NY
NY - 9,2018,New York,9,167269,Yvette D. Clarke,democrat,203423,NY
OH - 1,2018,Ohio,1,154409,Steve Chabot,republican,300871,OH
OH - 10,2018,Ohio,10,157554,Mike Turner,republican,281726,OH
OH - 11,2018,Ohio,11,206138,Marcia L. Fudge,democrat,250660,OH
OH - 12,2018,Ohio,12,175677,Troy Balderson,republican,341647,OH
OH - 13,2018,Ohio,13,153323,Tim Ryan,democrat,251370,OH
OH - 14,2018,Ohio,14,169809,David P. Joyce,republican,307358,OH
OH - 15,2018,Ohio,15,170593,Steve Stivers,republican,292443,OH
OH - 16,2018,Ohio,16,170029,Anthony Gonzalez,republican,299710,OH
OH - 2,2018,Ohio,2,166714,Brad Wenstrup,republican,289661,OH
OH - 3,2018,Ohio,3,181575,Joyce Beatty,democrat,246677,OH
OH - 4,2018,Ohio,4,167993,Jim Jordan,republican,257405,OH
OH - 5,2018,Ohio,5,176569,Bob Latta,republican,283617,OH
OH - 6,2018,Ohio,6,172774,Bill Johnson,republican,249490,OH
OH - 7,2018,Ohio,7,153117,Bob Gibbs,republican,260653,OH
OH - 8,2018,Ohio,8,173852,Warren Davidson,republican,261133,OH
OH - 9,2018,Ohio,9,157219,Marcy Kaptur,democrat,231937,OH
OK - 1,2018,Oklahoma,1,150129,Kevin Hern,republican,253171,OK
OK - 2,2018,Oklahoma,2,140451,Markwayne Mullin,republican,216002,OK
OK - 3,2018,Oklahoma,3,172913,Frank D. Lucas,republican,234065,OK
OK - 4,2018,Oklahoma,4,149227,Tom Cole,republican,236638,OK
OK - 5,2018,Oklahoma,5,121149,Kendra Horn,democrat,238960,OK
OR - 1,2018,Oregon,1,231198,Suzanne Bonamici,democrat,363249,OR
OR - 2,2018,Oregon,2,207597,Greg Walden,republican,368709,OR
OR - 3,2018,Oregon,3,279019,Earl Blumenauer,democrat,384326,OR
OR - 4,2018,Oregon,4,208710,Peter DeFazio,democrat,372893,OR
OR - 5,2018,Oregon,5,197187,Kurt Schrader,democrat,358469,OR
PA - 1,2018,Pennsylvania,1,169053,Brian K__Fitzpatrick,republican,329798,PA
PA - 10,2018,Pennsylvania,10,149365,Scott G__Perry,republican,291033,PA
PA - 11,2018,Pennsylvania,11,163708,Lloyd K__Smucker,republican,277584,PA
PA - 12,2018,Pennsylvania,12,161047,Thomas A__Marino,republican,243872,PA
PA - 13,2018,Pennsylvania,13,178533,John__Joyce,republican,253266,PA
PA - 14,2018,Pennsylvania,14,151386,Guy L__Reschenthaler,republican,261437,PA
PA - 15,2018,Pennsylvania,15,165245,Glenn William  Thompson Jr.,republican,243572,PA
PA - 16,2018,Pennsylvania,16,135348,George J  Kelly Jr.,republican,262396,PA
PA - 17,2018,Pennsylvania,17,183162,Conor James__Lamb,democrat,325579,PA
PA - 18,2018,Pennsylvania,18,231472,Michael F  Doyle Jr.,democrat,231472,PA
PA - 2,2018,Pennsylvania,2,159600,Brendan F__Boyle,democrat,201982,PA
PA - 3,2018,Pennsylvania,3,287610,Dwight__Evans,democrat,307997,PA
PA - 4,2018,Pennsylvania,4,211524,Madeleine__Dean Cunnane,democrat,332991,PA
PA - 5,2018,Pennsylvania,5,198639,Mary Gay__Scanlon,democrat,304714,PA
PA - 6,2018,Pennsylvania,6,177704,Christina Jampoler__Houlahan,democrat,301828,PA
PA - 7,2018,Pennsylvania,7,140813,Susan Ellis__Wild,democrat,263261,PA
PA - 8,2018,Pennsylvania,8,135603,Matthew Alton__Cartwright,democrat,248166,PA
PA - 9,2018,Pennsylvania,9,148723,Daniel__Meuser,republican,248927,PA
RI - 1,2018,Rhode Island,1,116099,David N. Cicilline,democrat,174083,RI
RI - 2,2018,Rhode Island,2,126476,James R. Langevin,democrat,199197,RI
SC - 1,2018,South Carolina,1,145455,Joe Cunningham,democrat,287433,SC
SC - 2,2018,South Carolina,2,144642,Joe Wilson,republican,257139,SC
SC - 3,2018,South Carolina,3,153338,Jeff Duncan,republican,226204,SC
SC - 4,2018,South Carolina,4,145321,William Timmons,republican,243950,SC
SC - 5,2018,South Carolina,5,141757,Ralph W Norman,republican,248579,SC
SC - 6,2018,South Carolina,6,144765,James E Jim Clyburn,democrat,206433,SC
SC - 7,2018,South Carolina,7,142681,Tom Rice,republican,239554,SC
SD - 0,2018,South Dakota,0,202446,Dustin Dusty Johnson,republican,335471,SD
TN - 1,2018,Tennessee,1,172835,Phil Roe,republican,224282,TN
TN - 2,2018,Tennessee,2,172856,Tim Burchett,republican,262134,TN
TN - 3,2018,Tennessee,3,156512,Chuck Fleischmann,republican,245765,TN
TN - 4,2018,Tennessee,4,147323,Scott DesJarlais,republican,232451,TN
TN - 5,2018,Tennessee,5,177923,Jim Cooper,democrat,262248,TN
TN - 6,2018,Tennessee,6,172810,John Rose,republican,248740,TN
TN - 7,2018,Tennessee,7,170071,Mark E. Green,republican,254384,TN
TN - 8,2018,Tennessee,8,168030,David Kustoff,republican,248345,TN
TN - 9,2018,Tennessee,9,145139,Steve Cohen,democrat,181476,TN
TX - 1,2018,Texas,1,168165,Louie Gohmert,republican,232720,TX
TX - 10,2018,Texas,10,157166,Michael T. McCaul,republican,307827,TX
TX - 11,2018,Texas,11,176603,Mike Conaway,republican,220377,TX
TX - 12,2018,Texas,12,172557,Kay Granger,republican,268491,TX
TX - 13,2018,Texas,13,169027,Mac Thornberry,republican,207285,TX
TX - 14,2018,Texas,14,138942,Randy Weber,republican,234528,TX
TX - 15,2018,Texas,15,98333,Vicente Gonzalez,democrat,164802,TX
TX - 16,2018,Texas,16,124437,Veronica Escobar,democrat,181754,TX
TX - 17,2018,Texas,17,134841,Bill Flores,republican,237351,TX
TX - 18,2018,Texas,18,138704,Sheila Jackson Lee,democrat,184332,TX
TX - 19,2018,Texas,19,151946,Jodey Arrington,republican,201985,TX
TX - 2,2018,Texas,2,139188,Dan Crenshaw,republican,263392,TX
TX - 20,2018,Texas,20,139038,Joaquin Castro,democrat,171963,TX
TX - 21,2018,Texas,21,177654,Chip Roy,republican,353617,TX
TX - 22,2018,Texas,22,152750,Pete Olson,republican,297405,TX
TX - 23,2018,Texas,23,103285,Will Hurd,republican,210069,TX
TX - 24,2018,Texas,24,133317,Kenny E Marchant,republican,263418,TX
TX - 25,2018,Texas,25,163023,Roger Williams,republican,304553,TX
TX - 26,2018,Texas,26,185551,Michael C. Burgess,republican,312505,TX
TX - 27,2018,Texas,27,125118,Michael Cloud,republican,207421,TX
TX - 28,2018,Texas,28,117494,Henry Cuellar,democrat,139226,TX
TX - 29,2018,Texas,29,88188,Sylvia R. Garcia,democrat,117494,TX
TX - 3,2018,Texas,3,169520,Van Taylor,republican,312511,TX
TX - 30,2018,Texas,30,166784,Eddie Bernice Johnson,democrat,183174,TX
TX - 31,2018,Texas,31,144680,John Carter,republican,286007,TX
TX - 32,2018,Texas,32,144067,Colin Allred,democrat,275620,TX
TX - 33,2018,Texas,33,90805,Marc Veasey,democrat,119224,TX
TX - 34,2018,Texas,34,85825,Filemon B. Vela,democrat,143068,TX
TX - 35,2018,Texas,35,138278,Lloyd Doggett,democrat,194067,TX
TX - 36,2018,Texas,36,161048,Brian Babin,republican,221956,TX
TX - 4,2018,Texas,4,188667,John Ratcliffe,republican,249245,TX
TX - 5,2018,Texas,5,130617,Lance Gooden,republican,209507,TX
TX - 6,2018,Texas,6,135961,Ron Wright,republican,256042,TX
TX - 7,2018,Texas,7,127959,Lizzie Pannill Fletcher,democrat,243601,TX
TX - 8,2018,Texas,8,200619,Kevin Brady,republican,273170,TX
TX - 9,2018,Texas,9,136256,Al Green,democrat,153001,TX
UT - 1,2018,Utah,1,156692,Rob Bishop,republican,254333,UT
UT - 2,2018,Utah,2,151489,Chris Stewart,republican,270044,UT
UT - 3,2018,Utah,3,174856,John Curtis,republican,258858,UT
UT - 4,2018,Utah,4,134964,Ben McAdams,democrat,269271,UT
VA - 1,2018,Virginia,1,183250,Robert J. Rob Wittman,republican,332101,VA
VA - 10,2018,Virginia,10,206356,Jennifer T. Wexton,democrat,367795,VA
VA - 11,2018,Virginia,11,219191,Gerald Edward Connolly,democrat,308250,VA
VA - 2,2018,Virginia,2,139571,Elaine G. Luria,democrat,273400,VA
VA - 3,2018,Virginia,3,198615,Robert C. Bobby Scott,democrat,217722,VA
VA - 4,2018,Virginia,4,187642,A. Donald McEachin,democrat,299854,VA
VA - 5,2018,Virginia,5,165339,"Denver L. Riggleman, III",republican,310926,VA
VA - 6,2018,Virginia,6,167957,Ben L. Cline,republican,281377,VA
VA - 7,2018,Virginia,7,176079,Abigail A. Spanberger,democrat,349803,VA
VA - 8,2018,Virginia,8,247137,"Donald S. Beyer, Jr.",democrat,324748,VA
VA - 9,2018,Virginia,9,160933,H. Morgan Griffith,republican,246980,VA
VT - 0,2018,Vermont,0,188547,Peter Welch,democrat,272451,VT
WA - 1,2018,Washington,1,197209,Suzan DelBene,democrat,332743,WA
WA - 10,2018,Washington,10,166215,Denny Heck,democrat,270075,WA
WA - 2,2018,Washington,2,210187,Rick Larsen,democrat,294833,WA
WA - 3,2018,Washington,3,161819,Jaime Herrera Beutler,republican,307226,WA
WA - 4,2018,Washington,4,141551,Dan Newhouse,republican,225336,WA
WA - 5,2018,Washington,5,175422,Cathy McMorris Rodgers,republican,320347,WA
WA - 6,2018,Washington,6,206409,Derek Kilmer,democrat,323086,WA
WA - 7,2018,Washington,7,329800,Pramila Jayapal,democrat,394681,WA
WA - 8,2018,Washington,8,164089,Kim Schrier,democrat,313057,WA
WA - 9,2018,Washington,9,163345,Adam Smith,democrat,240567,WA
WI - 1,2018,Wisconsin,1,177492,Bryan Steil,republican,325317,WI
WI - 2,2018,Wisconsin,2,309116,Mark Pocan,democrat,317295,WI
WI - 3,2018,Wisconsin,3,187888,Ron Kind,democrat,314989,WI
WI - 4,2018,Wisconsin,4,206487,Gwen S. Moore,democrat,273087,WI
WI - 5,2018,Wisconsin,5,225619,"F. James Sensenbrenner, Jr.",republican,364288,WI
WI - 6,2018,Wisconsin,6,180311,Glenn Grothman,republican,325065,WI
WI - 7,2018,Wisconsin,7,194061,Sean P. Duffy,republican,322840,WI
WI - 8,2018,Wisconsin,8,209410,Mike Gallagher,republican,328774,WI
WV - 1,2018,West Virginia,1,127997,David B McKinley,republican,198214,WV
WV - 2,2018,West Virginia,2,110504,Alex X. Mooney,republican,204792,WV
WV - 3,2018,West Virginia,3,98645,Carol Miller,republican,174985,WV
WY - 0,2018,Wyoming,0,127963,Liz Cheney,republican,201245,WY
